L,W,r,num_samples,ss_mean,ss_se,ss_snr,dd_c_mean,dd_c_se,dd_c_snr,dd_shift_mean,dd_shift_se,dd_shift_snr
10,2.0,1,100,-0.4350997318484736,0.002335251619517,186.31813728854135,-0.1333576898165256,0.0028687066498708,46.4870431497524,-0.1893063232545533,0.0020328071708338,93.12556841134078
10,2.0,2,100,0.1378506195936963,0.0025874802567103,53.27600828496941,0.0388128058373137,0.0013288806207896,29.2071426357694,0.0637221884236953,0.0021274051242845,29.953010687197786
10,2.0,3,100,-0.1253162611366548,0.0032152358821586,38.97575970460952,-0.0090439317222698,0.0006133906144604,14.74416384773902,-0.0382975682203431,0.0037583827252412,10.18990640924806
10,2.0,4,100,0.0675873656309777,0.0027905105293633,24.220430247363304,0.0063146113832453,0.0005228861322106,12.0764560279099,0.0213756905182853,0.0043848832087624,4.874859717031815
10,2.0,5,100,-0.0815114172457561,0.0040952058740981,19.90410732737755,-0.0022264586936974,0.0002476591346204,8.990012410040919,-0.0147250862219605,0.0050976262366328,2.8886162967661746
12,2.0,1,100,-0.4298546896641101,0.0020371261348599,211.01034555902163,-0.1317135601397918,0.0025280460413704,52.10093407491594,-0.1847709043433491,0.0017517084880875,105.48039562511792
12,2.0,2,100,0.1360092604360306,0.0022716102214241,59.87350257244401,0.0364546057553099,0.0012122309253712,30.072327798554166,0.0613979928935299,0.0017029086704123,36.0547773114937
12,2.0,3,100,-0.1189613867085514,0.0030299977267812,39.26121318741863,-0.0085907993362851,0.000510464522465,16.829375908044113,-0.0359375361795421,0.0028625209738626,12.55450580368978
12,2.0,4,100,0.0635182012460048,0.0023972699221038,26.49605731100223,0.0054478442612146,0.0004185362708243,13.016420895814887,0.0172975819727261,0.0036272872206997,4.768737880478362
12,2.0,5,100,-0.0694883822099429,0.0031482046165752,22.07238431837872,-0.0021080082194229,0.0002117516083613,9.955098975332351,-0.0138427433176871,0.0044097268030178,3.139138530807306
12,2.0,6,100,0.0438149093710349,0.0025902842805865,16.91509680980391,0.0016699359929936,0.0002162464208425,7.722375179609741,0.0131212312732422,0.0045665049830742,2.873364054539779
14,2.0,1,100,-0.4264293642989469,0.0018195822109332,234.3556458931458,-0.1317995800939919,0.0024480010321962,53.83967504937996,-0.1818386918565391,0.0015520813532548,117.15796435232213
14,2.0,2,100,0.1357682960042363,0.0021683652137924,62.613205165185526,0.035926423509965,0.0011672508732076,30.778664925079315,0.0613981181443158,0.0014180036282911,43.29898522072812
14,2.0,3,100,-0.1164567058484335,0.0028308756072558,41.138051262281415,-0.0087754874528442,0.00051035778755,17.194775247715988,-0.0357165598721851,0.002311739718296,15.450078393129813
14,2.0,4,100,0.0626034450176625,0.0023186311129718,27.00017465797877,0.0053326229313952,0.000390919165864,13.641241967780877,0.0177734025166758,0.002829626874459,6.281182397970364
14,2.0,5,100,-0.0642078278462197,0.0028264814878454,22.716521626739045,-0.0021296471828527,0.0002074746483314,10.26461401419104,-0.0152573842639763,0.0033191769851537,4.596737182807798
14,2.0,6,100,0.0406464092682051,0.0021540801756835,18.86949693286426,0.0015077599427163,0.0001856480631974,8.12160340780227,0.0101943728511714,0.00387751463691,2.6290997728625585
14,2.0,7,100,-0.0471742959176658,0.0028909611691719,16.3178587179632,-0.0007098005616463,0.0001122020520653,6.326092514179591,-0.0099666654294837,0.0040686020049549,2.449653570770942
16,2.0,1,100,-0.4244078381576414,0.0016215229851422,261.7340870566796,-0.1300897674631203,0.0024645274110363,52.784873432759895,-0.1801193837551452,0.0013765683830431,130.84666622733428
16,2.0,2,100,0.1337636606734732,0.0021735797030526,61.540720354357504,0.0349003062134765,0.0011420565358193,30.55917559145941,0.0601844024250991,0.0013415499310346,44.8618430315753
16,2.0,3,100,-0.1129523983400715,0.0027065822868659,41.73248265467109,-0.0085596574873321,0.0004743476294697,18.045114923207056,-0.0339110133779071,0.0021951686767248,15.448021711252704
16,2.0,4,100,0.0610476961827368,0.0022230746339669,27.46092967369266,0.0049796276710592,0.0003427643379857,14.527846450775776,0.0174918581272869,0.0026223806591924,6.670220841498024
16,2.0,5,100,-0.0602558128501857,0.0026700150855904,22.56759266094577,-0.0021150825262037,0.0001999279230495,10.579225222478678,-0.0161825605473829,0.0028882004318203,5.602990834394332
16,2.0,6,100,0.0392657720132691,0.002081896282675,18.860580298849253,0.0014742098046114,0.0001652048893051,8.923524060409758,0.009804964095185,0.0032666212583945,3.001561344152889
16,2.0,7,100,-0.0434777750414434,0.0025561131950183,17.00933085677808,-0.000687428819662,8.708836755556134e-05,7.893463145046645,-0.0106755018166985,0.0036076770964978,2.9591067967423563
16,2.0,8,100,0.0298785968359925,0.0019344008086534,15.44591829280297,0.0005332049366302,7.416412930454494e-05,7.189526009814184,0.0101094913115288,0.0037853702155309,2.6706743953473198
18,2.0,1,100,-0.4223632405618109,0.0014369347304671,293.933490232018,-0.1285535581054127,0.0023570653371632,54.53966679605509,-0.1783886421959172,0.0012138985356049,146.9551506683514
18,2.0,2,100,0.1322724887943713,0.0020537907133184,64.40407386040326,0.0339758232517857,0.0011131420092836,30.52245173430324,0.0602602339899494,0.0012323633041013,48.89810804119238
18,2.0,3,100,-0.1104449324023968,0.0026116414930663,42.28946916933928,-0.0083356629421549,0.0004630454604074,18.00182412936251,-0.0343909017633211,0.002129690511284,16.148309616398883
18,2.0,4,100,0.0588228679281576,0.0021468469792769,27.39965563263826,0.0047535056834429,0.0003279163617205,14.496091803718354,0.0165600273265332,0.0024775919485733,6.683920383285443
18,2.0,5,100,-0.055971413549459,0.0025099420012772,22.29988323275081,-0.0020494569485697,0.0001809090393115,11.3286597307092,-0.0144234269553935,0.0027293676394044,5.2845306536060965
18,2.0,6,100,0.0367623279435636,0.0019105919346644,19.241328970657232,0.0014352270448016,0.0001472662941144,9.745794537927852,0.0078512608705078,0.0030956198495988,2.536248393524586
18,2.0,7,100,-0.0401114590389606,0.0022640279456761,17.716856859283286,-0.0006884110771118,8.336356583816068e-05,8.257937027889104,-0.0090789430662888,0.0033904099157746,2.677830495966611
18,2.0,8,100,0.0279187330237215,0.0017500284071827,15.9533027630479,0.0005307082629499,6.825929274810486e-05,7.774886635704841,0.0068276640698425,0.0036045937411134,1.8941563350030888
18,2.0,9,100,-0.0334862389595135,0.0022647759927042,14.785673756426924,-0.0002985108495194,5.24331664942408e-05,5.693168455736723,-0.0062858265244377,0.0038846240827738,1.618129937543243
20,2.0,1,100,-0.4199331117279177,0.001303059361008,322.26706188048666,-0.1277813722817314,0.0021893119847832,58.36599496548224,-0.1763421206250899,0.0010944885642547,161.11828518295908
20,2.0,2,100,0.1313532018840397,0.0018997381283063,69.1427939076772,0.0336123142472955,0.0010336287702084,32.51874871915359,0.0606608045467793,0.0011711530706958,51.79579515659518
20,2.0,3,100,-0.1088220624511061,0.0023817584327507,45.68979832494039,-0.0084677211707634,0.0004404906536015,19.223384427182683,-0.0343729235165905,0.002024179069889,16.98116734231163
20,2.0,4,100,0.0580590602937106,0.0019927561403539,29.135055272441708,0.004831629840914,0.0003212736039775,15.038987894107905,0.0172142539862903,0.0022859625341423,7.530418250161123
20,2.0,5,100,-0.0550610269078068,0.0023582174658885,23.348579045088652,-0.00210487393584,0.0001828908745078,11.50890628908519,-0.0156317051101367,0.0025175932513906,6.208987532637526
20,2.0,6,100,0.0352395514268276,0.0018125431774667,19.44204798259159,0.0015078824559295,0.0001520388319607,9.9177455948794,0.0071163222277626,0.0028579602368771,2.4900004331545667
20,2.0,7,100,-0.0372804704211712,0.0020910003825487,17.829011765043294,-0.0007409861950049,8.873545772221925e-05,8.350508511767178,-0.007517185565274,0.0030627588335235,2.454383767665424
20,2.0,8,100,0.0263430268693815,0.0016486455397356,15.978587412795434,0.0005893249840664,7.807411071866233e-05,7.548276613614458,0.0047320892325368,0.003264236785729,1.4496770740484293
20,2.0,9,100,-0.0304572737467892,0.0019511299142471,15.610069593208758,-0.00033347437756,5.82287029743317e-05,5.726975881757741,-0.0049709455343771,0.0035057212212608,1.4179523186927472
20,2.0,10,100,0.0224850255428836,0.001646394862453,13.657128101931692,0.0002563579236238,4.595597798579831e-05,5.578336809698235,0.0042880843771761,0.0036169108491017,1.185565405418041
22,2.0,1,100,-0.4181941718281809,0.0013472254544981,310.4114240358913,-0.1264429109907611,0.0020862487064667,60.60778400908125,-0.1748845577825411,0.0011269143060315,155.18887003786872
22,2.0,2,100,0.1300150770988025,0.0018249916284352,71.2414649322389,0.0329674504562691,0.0009265674441937,35.58019512001688,0.0608754705363903,0.0011492455785793,52.96994103875046
22,2.0,3,100,-0.1070261660557622,0.0021332484692373,50.17051112382861,-0.008278161883449,0.0004078104964824,20.299040742826364,-0.033881667730006,0.001974484586182,17.15975296394718
22,2.0,4,100,0.0567405430749818,0.0018331367122977,30.95270674267365,0.0046503070542831,0.0002841898737006,16.36338055866545,0.0185762812978139,0.0021524084658079,8.630462847970936
22,2.0,5,100,-0.0528319469776034,0.0020910765231582,25.265429740375016,-0.0020353330192287,0.0001691059092714,12.035847996075306,-0.0167160290365414,0.0023348931706925,7.159226488971741
22,2.0,6,100,0.0335138570237879,0.0016266399809347,20.60311895477292,0.0014490011916787,0.000140576638796,10.307553261260288,0.0087584529195495,0.002600251776229,3.368309561257718
22,2.0,7,100,-0.0352113686943951,0.0019249490712439,18.292104045974195,-0.0007136244219211,8.658308152652114e-05,8.242076966301163,-0.0098297609850275,0.002837888563084,3.4637586242446288
22,2.0,8,100,0.0244712718738959,0.0015234279325864,16.063294725303255,0.000565138600686,7.839880582420565e-05,7.208510317788583,0.0047341883511723,0.0030699559956512,1.5421030001337246
22,2.0,9,100,-0.0274275117189209,0.0018099221194046,15.153973436129286,-0.0003167403461334,5.2969665246892296e-05,5.979655424611115,-0.0051942226426456,0.0031886618969844,1.6289662593446934
22,2.0,10,100,0.0201936475207061,0.0014912811137777,13.541140791055067,0.0002406430784927,4.066060115613412e-05,5.918335480792943,0.0036835818311771,0.0033660054791656,1.0943481387588885
22,2.0,11,100,-0.0249792335482278,0.0019166521647166,13.03274219916708,-0.0001484785185385,2.8656962536464597e-05,5.181237137384888,-0.002782806007693,0.003420883111059,0.8134759117307435
24,2.0,1,50,-0.4178206913670582,0.0017785137152929,234.92688741972432,-0.1275426277705679,0.0029028766846775,43.93663307979492,-0.1748792234422446,0.0014409471036233,121.36408269429494
24,2.0,2,50,0.1304267797736483,0.0025380003566025,51.38958291883116,0.0336277407764459,0.0012474456732188,26.9572787804664,0.0596716234516552,0.0014923062318153,39.98617856005864
24,2.0,3,50,-0.1079504801705053,0.0028688660954292,37.62827423088629,-0.0084756294564944,0.0005717924151957,14.82291340571971,-0.0323674912865554,0.0023958626357102,13.50974417486186
24,2.0,4,50,0.0578079925021012,0.0025689867658855,22.50225391183509,0.0048497665599467,0.0003980356257066,12.184252480758104,0.0169619479768336,0.0024635267039578,6.885230003629875
24,2.0,5,50,-0.054288426103532,0.0027916793373706,19.4465121322506,-0.0019772626276755,0.0002204866013705,8.967722371268689,-0.0157419970890222,0.0026150969545726,6.019660977195016
24,2.0,6,50,0.0338410872176873,0.0021513584597306,15.73010163165678,0.001389607255605,0.0001910743663778,7.272599051077936,0.0083251206214879,0.0030354652738895,2.7426176451758524
24,2.0,7,50,-0.0346575890060925,0.0023444979562409,14.782520459800311,-0.0006927193113174,0.0001170594520155,5.917670887655766,-0.0109145474213346,0.0033297942484317,3.2778443972852807
24,2.0,8,50,0.0236034950892539,0.0020397540799114,11.571735691921688,0.0005192873360055,9.73261267200935e-05,5.335538909289518,0.0056036110742067,0.0038500052379679,1.4554814156991631
24,2.0,9,50,-0.0257649449745313,0.0023731691048151,10.856767401132162,-0.0003021903659493,7.696459579354256e-05,3.9263555253375135,-0.0086463520372194,0.0039895806812202,2.16723328291604
24,2.0,10,50,0.0187075616246106,0.0021179832795724,8.832723943121572,0.0002517378694778,6.798943566040436e-05,3.70260272103453,0.0045784245661014,0.0042309112096091,1.082136764227768
24,2.0,11,50,-0.021540875985363,0.0025452906031214,8.463032063586953,-0.0001552586077089,4.439628420046876e-05,3.497108159048869,-0.0046047678041168,0.0042696194503222,1.0784960715338023
24,2.0,12,50,0.0156305301530285,0.0020929493044998,7.468183830073101,0.0001181937535821,3.510039722915785e-05,3.3673052988702272,0.0048651851203533,0.0041225422444117,1.180141968696225
26,2.0,1,49,-0.4159424620613338,0.0016533027608486,251.58275417615224,-0.1270239778194374,0.0028280107197984,44.91637069483675,-0.1733063377986275,0.0013535789370861,128.0356343101053
26,2.0,2,49,0.1298948525959172,0.0024694055213857,52.60166929691759,0.0338643033395687,0.0012845168759007,26.363455377588757,0.0584641486994032,0.0013442925216601,43.49064489862694
26,2.0,3,49,-0.1083998465144676,0.0029462975872171,36.79188653066623,-0.0082408662471795,0.000560542388622,14.701593339690527,-0.030114638973418,0.0023014091492225,13.085304272641569
26,2.0,4,49,0.0570302509384252,0.0024710487756482,23.079370792049264,0.0046764115991881,0.0003827489117905,12.217961841646185,0.0150695811134744,0.0023955616141283,6.290625557112818
26,2.0,5,49,-0.0534004892935099,0.0026244889374154,20.34700490911525,-0.0019460112022449,0.000207052109082,9.398654333310194,-0.0141719358213121,0.002621428805518,5.406187568962519
26,2.0,6,49,0.0334808507504609,0.002016466531401,16.603722516137264,0.0013099279561687,0.0001620277562155,8.084589867590228,0.007791813316152,0.0029642480172328,2.6285969564131864
26,2.0,7,49,-0.0340776035495904,0.002137202796996,15.944955526676482,-0.0006563797264512,0.0001075659888757,6.102112138895661,-0.0100089409472624,0.0031616336442747,3.165749758953639
26,2.0,8,49,0.0231632088296579,0.0019264966281506,12.023487864546055,0.0004850953008536,8.826513547679429e-05,5.495888022300763,0.005691535361702,0.0035885296488526,1.5860354849016889
26,2.0,9,49,-0.0251135295036687,0.0021920287228673,11.45675202230861,-0.0002829479172959,6.923995029790582e-05,4.086483541345795,-0.0092872997379452,0.0036460252930935,2.5472395256109697
26,2.0,10,49,0.0180347588465796,0.0019771860845177,9.121427157413004,0.0002336329509264,6.018025086104315e-05,3.8822196249378544,0.0056462636734568,0.0039511732521148,1.4290093886504902
26,2.0,11,49,-0.0206513059375302,0.0023863446852981,8.653949307809183,-0.0001409827976148,3.960403067964334e-05,3.559809322319374,-0.0064707830482138,0.0039587580524617,1.6345487555598366
26,2.0,12,49,0.0145258131190662,0.0019945203446241,7.282860341945144,0.0001034293285365,3.094725375233072e-05,3.342116536876872,0.0046511596578873,0.0039906908132244,1.1655023843175856
26,2.0,13,49,-0.0157660182144648,0.0023214165361879,6.791550748731446,-7.113063401953715e-05,2.469605199653185e-05,2.88024312669597,-0.0062615199673487,0.0036676023289233,1.7072516063067316
28,2.0,1,50,-0.4142149258930041,0.0017264338677176,239.9251622887815,-0.1258698337018974,0.0025239236871252,49.87069709911128,-0.1718255150329542,0.0014027546966992,122.491491518272
28,2.0,2,50,0.1289513351910174,0.0021871411125638,58.95885475805372,0.0330926614830353,0.0011054424741378,29.93612264522706,0.0588161577476972,0.0011276649537596,52.15747598752965
28,2.0,3,50,-0.1063823905041694,0.0025184458774476,42.24128517384853,-0.0081902909344573,0.0005086852040181,16.100902620642557,-0.0300831454266047,0.0020400980063097,14.745931486410043
28,2.0,4,50,0.0565699016495012,0.0022316079259093,25.349390900039133,0.0046435615724786,0.0003553024081897,13.069321978810358,0.0148859907884357,0.0020869299481357,7.132961411442466
28,2.0,5,50,-0.0538619006102607,0.0024517972538265,21.96833385231949,-0.0018444595787874,0.0001875488030059,9.834557988244212,-0.0140393977061114,0.0024562606437565,5.715760557332308
28,2.0,6,50,0.032392120203309,0.0018376247332382,17.62716816845861,0.0012045974814792,0.0001439004150449,8.37104938927862,0.0075612057934665,0.0028996709587835,2.6076082082908463
28,2.0,7,50,-0.0325766843859551,0.0019985162621503,16.300434979149713,-0.0005997341563733,9.717913063389296e-05,6.171429528761611,-0.0085039111383095,0.003012134675159,2.823217437268266
28,2.0,8,50,0.0210939754660535,0.0017144140143407,12.303898177223576,0.0004360655551436,7.818576248590414e-05,5.577301304982183,0.0047209949143754,0.003151279786795,1.498119885818448
28,2.0,9,50,-0.0224276424177964,0.0019657193136169,11.409381930795057,-0.0002546383264424,6.085968033483456e-05,4.184023396794953,-0.0082470685613,0.0031639972528991,2.6065346781648877
28,2.0,10,50,0.0161762906924776,0.0017683220402992,9.147819415144712,0.0002036853707552,5.173395204494726e-05,3.937170131103336,0.005220043758561,0.0034570630439415,1.509964872555353
28,2.0,11,50,-0.0178281522685836,0.0020829795543824,8.55896652037449,-0.000124692211224,3.4491504873475565e-05,3.615157172220997,-0.0069162196985926,0.0034622917042179,1.9975843428116764
28,2.0,12,50,0.0125465195897362,0.0016982875867274,7.387747333131436,9.09931425350592e-05,2.6554929606707316e-05,3.426600781200185,0.0050479805285193,0.0034567851193409,1.4603107668670228
28,2.0,13,50,-0.0143425636814311,0.0021155101089734,6.779718811360922,-6.239669111307229e-05,2.1320817304538896e-05,2.926561877146657,-0.0072100736738749,0.0033128514814499,2.1763950826794503
28,2.0,14,50,0.010270907858313,0.0016755737424585,6.129785635839911,6.455897804096332e-05,2.4072479509918875e-05,2.681858261188354,0.0079821710091473,0.003290651986746,2.425711087437247
30,2.0,1,50,-0.4136021690479735,0.0015725507488833,263.0135589211731,-0.12565123090552,0.0025443356986484,49.38469046056564,-0.1712567163338786,0.0013005258017215,131.68267488978725
30,2.0,2,50,0.1287877210657501,0.0021938767496734,58.70326174199087,0.0328095678064587,0.0010792703671831,30.399767105708264,0.0579247542966904,0.0012474368077535,46.43502094587271
30,2.0,3,50,-0.1055401190188097,0.0024691980003802,42.74267150814072,-0.0080582975774431,0.0004981405755819,16.17675405788729,-0.0288720774701677,0.0019436937157435,14.854232040937887
30,2.0,4,50,0.0562028966031947,0.0021430341460605,26.2258521202338,0.0045871157419416,0.000339048138189,13.52939369153527,0.0137819732877254,0.0020646738725905,6.675133284092446
30,2.0,5,50,-0.0536381598369508,0.0022116349856494,24.252718095431845,-0.0018269132253865,0.0001785545353784,10.231681998526218,-0.0119557422966165,0.0022311295615722,5.358605122058273
30,2.0,6,50,0.0330842127897865,0.0017541089623985,18.86097927722075,0.0011669512701927,0.0001347003327131,8.663313940565219,0.004648193356115,0.0027587010963482,1.6849209804816865
30,2.0,7,50,-0.0336020818621088,0.0020109732475218,16.70936294329974,-0.0005700371888542,8.976975325026463e-05,6.349991708956092,-0.0072127575086723,0.002859900407857,2.522031008092727
30,2.0,8,50,0.0210809551791834,0.0016296754777418,12.93567674491488,0.000412792889246,7.312850075460825e-05,5.64476072921652,0.0034267745383198,0.003072203747853,1.115412524548417
30,2.0,9,50,-0.0220949758450448,0.0018966366031108,11.649556804295214,-0.0002397699441602,5.687195998793497e-05,4.215960628245152,-0.0078680509898306,0.0030200830788276,2.605243228237585
30,2.0,10,50,0.0154380885708492,0.0016175213059972,9.544287616867472,0.0001839976289695,4.6854700513192906e-05,3.9269833539485264,0.0053558280458161,0.0031906296372914,1.6786116392884842
30,2.0,11,50,-0.0166268095445459,0.0018951255772408,8.773460579194484,-0.000115465764492,3.181507486200718e-05,3.629278415747309,-0.0077094057211093,0.0030805413419588,2.502613945186369
30,2.0,12,50,0.0119513279982755,0.0015600999427226,7.660616907284855,8.393802955643458e-05,2.4644957915014945e-05,3.405890561707769,0.0057015458107413,0.0031301469511487,1.8214946134234613
30,2.0,13,50,-0.0129198216460781,0.0017336206264779,7.452508033621021,-5.725844374365976e-05,1.9085557608694378e-05,3.000092788359289,-0.0081121087259426,0.0029557311856197,2.7445353506468635
30,2.0,14,50,0.0098851767099721,0.0015191844926263,6.506896797559168,5.844454761883258e-05,2.112975020289126e-05,2.765983840681439,0.008204581502761,0.0032672985926181,2.511120814393192
30,2.0,15,50,-0.011032438602907,0.0018157854902829,6.075849081263328,-3.2618613286942144e-05,1.1823235348883364e-05,2.758856803947727,-0.0096635791140922,0.0033328078105586,2.899530865079318
32,2.0,1,49,-0.4127305353040559,0.0015929884436202,259.0919833455203,-0.1239205329005262,0.0025249195868533,49.07900178118611,-0.1706089676608509,0.0012562811315886,135.80476803396718
32,2.0,2,49,0.1272111035554881,0.0022109576991323,57.53665192482488,0.0317340847191123,0.0010698205576119,29.662997680611014,0.0588625380690437,0.0011076569763275,53.14148633289216
32,2.0,3,49,-0.1032094110554468,0.0024517789195289,42.09572495846164,-0.0077946914463637,0.0004861718690424,16.032789930269864,-0.029618958085425,0.0019179415311473,15.443097510749434
32,2.0,4,49,0.0549034978809999,0.0021809426589088,25.174205134062607,0.0043224405725352,0.0003206983259792,13.47821370547262,0.0145320922654343,0.0020821643746554,6.979320385230813
32,2.0,5,49,-0.0517474459168778,0.0022809605122183,22.686690821557367,-0.001766959444548,0.0001739166835169,10.159804159191184,-0.0129017543647267,0.0022949789714914,5.621730972263451
32,2.0,6,49,0.0323646251068149,0.0017232183634651,18.78149965958683,0.0011360170248367,0.0001266275945196,8.971322792207026,0.004965897800028,0.0025980961081701,1.9113603166611088
32,2.0,7,49,-0.0333980592678389,0.0019009871450868,17.568798060606014,-0.0005541717362081,8.447911641465522e-05,6.559866624173222,-0.0059667486282056,0.0028668774661358,2.0812708944438807
32,2.0,8,49,0.0214425233742963,0.0016040517680963,13.36772528217366,0.0004095661037036,6.841157970911476e-05,5.986795005247297,0.0009124307686876,0.0031182251152733,0.2926122184759659
32,2.0,9,49,-0.0237021565766037,0.0020037635084489,11.828819357505228,-0.0002309366990355,5.251674835676894e-05,4.397391427715718,-0.0056746811104695,0.003110186403171,1.824546948274136
32,2.0,10,49,0.0157520370148614,0.0015642774862664,10.069848318573063,0.0001744197345295,4.315162737003344e-05,4.04201985324706,0.0029615009602316,0.0032902992018101,0.9000704126246012
32,2.0,11,49,-0.0169012222184206,0.0018253632052223,9.25910096690165,-0.0001095774356538,2.9279293546639387e-05,3.7424890555937353,-0.0058551091453361,0.0032568083905346,1.7978058403291508
32,2.0,12,49,0.0120861478044558,0.0014720757219741,8.21027588733495,8.098331898962179e-05,2.259097004659999e-05,3.5847650110894653,0.0043273739256305,0.0030667000831575,1.4110848169981254
32,2.0,13,49,-0.0128641654021564,0.0015896179063844,8.09261480415461,-5.381009728253123e-05,1.7636874905670927e-05,3.050999543305103,-0.0065094822216272,0.0027877569598517,2.335025009487744
32,2.0,14,49,0.0100009443628916,0.0014444676527737,6.923619468865858,5.375834392253e-05,1.9187385218388493e-05,2.8017545543938915,0.0061630248242149,0.0030914384664928,1.993578358752421
32,2.0,15,49,-0.0110845463252015,0.0016933725686359,6.545840254238969,-2.995116090014636e-05,1.0690595111865294e-05,2.8016364464971755,-0.0083460610529502,0.0034764150847099,2.400766551053755
32,2.0,16,49,0.0084186129833377,0.0014196635791929,5.930005606062832,2.203004326515252e-05,7.580785692983438e-06,2.9060369409391043,0.0093432801754356,0.0036900422575328,2.5320252515705466
8,2.0,1,100,-0.4432017131045148,0.0027870212460056,159.0234425875667,-0.1349520489048443,0.0032694020002003,41.27728829204092,-0.1964199910113681,0.0024716245405138,79.46999545915243
8,2.0,2,100,0.1401653260732993,0.0029433795946902,47.62054011862888,0.0430218762040327,0.0017014058908213,25.286074555240013,0.0689197819198274,0.0025533354878478,26.99205891581337
8,2.0,3,100,-0.1384056478688891,0.0039129468496739,35.37120568873065,-0.0090349889099817,0.0007878120452188,11.468457438311448,-0.0418372516822872,0.0054412636693299,7.688885197404715
8,2.0,4,100,0.0721096480693896,0.0040550428255164,17.78270937501283,0.0074367633774641,0.0008723755586254,8.524726883891361,0.0359974878341754,0.0059949065856908,6.00467869175765
