L,r,sij_mean,sij_se,sij_snr,dij_c_mean,dij_c_se,dij_c_snr,ddij_mean,ddij_se,ddij_snr
12,2,0.0,0.0,NaN,0.011079375000002806,4.106186096980746e-5,269.82155066350754,0.05759268334967982,0.00018234695124252,315.8412189358845
12,3,-0.0444253125,0.00017363771893542547,255.85058806561167,0.0,0.0,NaN,-0.01734833227539062,0.00022819879512507064,76.02289164534102
12,4,0.0,0.0,NaN,0.0007143749999999992,1.36525634532557e-5,52.32533820083756,0.0119140226352831,0.00026674222786118184,44.66492887464149
12,5,-0.02428625,0.00015639641206802692,155.2864907759926,0.0,0.0,NaN,-0.006645129150390616,0.00027015546518071004,24.597426322453313
12,6,0.0,0.0,NaN,0.000294000000000004,1.0458811302788709e-5,28.11026908207175,0.006864433349604751,0.0002965971244959294,23.143964599356593
16,2,0.0,0.0,NaN,0.01001235576923758,3.2738014444886236e-5,305.8327127961035,0.05513683466854152,0.0001463854879964221,376.65505934501624
16,3,-0.040019375,0.00013595407020823544,294.35952111403446,0.0,0.0,NaN,-0.01637242013906251,0.000183426642241806,89.25868095802149
16,4,0.0,0.0,NaN,0.0005249999999999738,9.359749194004577e-6,56.09124658343031,0.010303119633614383,0.00020607679906728011,49.996504605307905
16,5,-0.017653500000006817,0.00010441933925992235,169.06350993146424,0.0,0.0,NaN,-0.0050354201390945125,0.00020139861759871182,25.002257707287857
16,6,0.0,0.0,NaN,0.00010375000000000022,4.637581026775851e-6,22.371576776983996,0.003667267360937504,0.00022231473762020774,16.49583558964271
16,7,-0.0129534375,0.00010230365040385801,126.61754931387578,0.0,0.0,NaN,-0.0022274201390625192,0.00022995285924503494,9.68642071412127
16,8,0.0,0.0,NaN,5.651785714285729e-5,3.886762164338712e-6,14.541115394559563,0.0024186959323433538,0.00024312709314897098,9.948278083764812
20,2,0.0,0.0,NaN,0.009589080882358877,2.8078524163207024e-5,341.5094335664559,0.05431141456395577,0.00012597240113149753,431.1374084809439
20,3,-0.03836671875,0.00011546009865908356,332.29417950944725,0.0,0.0,NaN,-0.016335242145576412,0.00016009951215932897,102.0318046273607
20,4,0.0,0.0,NaN,0.0004762500000000224,7.63511246311567e-6,62.376291416888755,0.009953546916937117,0.00017558367624225183,56.68833874513633
20,5,-0.015301607142851174,8.30111549243769e-5,184.3319389639974,0.0,0.0,NaN,-0.004766274511695506,0.00016884495505610503,28.228705501516075
20,6,0.0,0.0,NaN,8.004807692307635e-5,3.3884264162298137e-6,23.623967910196825,0.00344109499387496,0.0001824166291814017,18.86393257740231
20,7,-0.009735,7.265075210428185e-5,133.9972363400522,0.0,0.0,NaN,-0.0022475468330764165,0.00018440346706496987,12.188202688643324
20,8,0.0,0.0,NaN,1.9772727272727304e-5,1.8347957098773643e-6,10.776527962368569,0.001963831007776695,0.00019746479450500666,9.945220932670622
20,9,-0.008145000000001287,7.379291432070201e-5,110.37645111295289,0.0,0.0,NaN,-0.0013746405831146918,0.0002047701050088836,6.713092143284565
20,10,0.0,0.0,NaN,1.4374999999999992e-5,1.7299581463054364e-6,8.309449584488377,0.0012622969169235748,0.00021290731252237834,5.928856561894261
24,2,0.0,0.0,NaN,0.009418482142849807,2.5000432448030972e-5,376.73276902022565,0.05398690837231428,0.00011182191075769666,482.79364935282484
24,3,-0.03769237499996295,0.00010238469304485527,368.1446305987334,0.0,0.0,NaN,-0.016351944306246494,0.00014319876135462768,114.19054293180209
24,4,0.0,0.0,NaN,0.00044407894736838197,6.554551564168021e-6,67.75123256273437,0.009936330364733723,0.00015501776317577054,64.09801148702668
24,5,-0.014139583333335681,7.058958645617086e-5,200.30692972135432,0.0,0.0,NaN,-0.004776038056250015,0.00014843175775901407,32.176659013929736
24,6,0.0,0.0,NaN,6.661764705882319e-5,2.7114365531045644e-6,24.56913365077517,0.003111278120150718,0.00015901690521253129,19.565706652336072
24,7,-0.00826640625,5.8447736611790706e-5,141.43244425195434,0.0,0.0,NaN,-0.0018518193062500021,0.00015838861081209603,11.691619092782522
24,8,0.0,0.0,NaN,1.7374999999999958e-5,1.4727110315767405e-6,11.797969613494116,0.0013953369437672558,0.00016712212499021928,8.349205372112861
24,9,-0.006216428571429409,5.4531334344936974e-5,113.99736768052479,0.0,0.0,NaN,-0.0010070648420001937,0.00017078907671308277,5.8965412857873405
24,10,0.0,0.0,NaN,6.490384615384611e-6,9.673165313219017e-7,6.7096802393267,0.0007539619437705869,0.00017984250799583628,4.192345581546509
24,11,-0.00561875,5.65335935072851e-5,99.38780911346011,0.0,0.0,NaN,-0.0007127568062500061,0.00018601222124821758,3.831774070903075
24,12,0.0,0.0,NaN,3.749999999999998e-6,7.994187333041782e-7,4.690908335986074,0.0008865755800597647,0.0001923643202161722,4.608835874882943
28,2,0.0,0.0,NaN,0.00929257500000517,2.2672505686825594e-5,409.860962363981,0.05379811188453637,0.0001014750965045546,530.160736354872
28,3,-0.037143125,9.238307237348389e-5,402.05552863449634,0.0,0.0,NaN,-0.01636636624049291,0.00013087314064314846,125.05519589477149
28,4,0.0,0.0,NaN,0.0004352445652174217,5.911311782516744e-6,73.62909980568071,0.009881076014977161,0.0001405264885468518,70.31468669825043
28,5,-0.01351056818182221,6.263009014095194e-5,215.72008201514714,0.0,0.0,NaN,-0.004612566524580988,0.00013457244392516097,34.27571343763475
28,6,0.0,0.0,NaN,6.52678571428568e-5,2.4051915022715865e-6,27.13624136839602,0.002982908313068647,0.00014267246103845973,20.907386690866392
28,7,-0.0075498750000025745,5.027210730305676e-5,150.1801974301465,0.0,0.0,NaN,-0.0017281943654894882,0.00014107436314161298,12.250236875106044
28,8,0.0,0.0,NaN,1.3124999999999994e-5,1.1373304454349733e-6,11.540181705924809,0.0012260803054912478,0.000147643370949875,8.304336981763324
28,9,-0.005342083333334028,4.48131445857676e-5,119.20795522639229,0.0,0.0,NaN,-0.0008175381154929134,0.00014929520887945589,5.475983600739733
28,10,0.0,0.0,NaN,5.845588235294117e-6,8.027444995195805e-7,7.282003475318153,0.0007614692373813237,0.00015541096648174582,4.899713672849232
28,11,-0.00440671875,4.333668527015405e-5,101.6856439879795,0.0,0.0,NaN,-0.0006607803029929082,0.00015911676055657098,4.152801381083799
28,12,0.0,0.0,NaN,2.6250000000000007e-6,5.72764676236012e-7,4.583034025859426,0.0006443368845224923,0.00016626039533448915,3.8754682570445604
28,13,-0.0039760714285715995,4.440682993549815e-5,89.53738500016611,0.0,0.0,NaN,-0.0005174934726687869,0.00017175468840149416,3.0129801840348773
28,14,0.0,0.0,NaN,1.2980769230769232e-6,4.3267499948074673e-7,3.0001200084006365,0.0004615964999097055,0.00017589683654403,2.6242456031559156
32,2,0.0,0.0,NaN,0.009237155172421053,2.08657365035855e-5,442.69490179911793,0.05370238372566756,9.380578729261314e-5,572.4847610750389
32,3,-0.03694285714288863,8.489074534945962e-5,435.1812083968678,0.0,0.0,NaN,-0.016296859654919713,0.00012178185175887897,133.82010061061112
32,4,0.0,0.0,NaN,0.000428194444444389,5.397877338189868e-6,79.32644956841135,0.009878351158582793,0.00012952939790015125,76.26339131289406
32,5,-0.013117500000006103,5.6690978163729784e-5,231.3860234007838,0.0,0.0,NaN,-0.004758609311480644,0.00012366786120776224,38.478948895915416
32,6,0.0,0.0,NaN,5.962500000000036e-5,2.1089376638323727e-6,28.2725284025937,0.0030103983808486556,0.0001301293858034841,23.133886033972622
32,7,-0.0070284375,4.430975643558754e-5,158.62054015614234,0.0,0.0,NaN,-0.0016927859941955614,0.00012851647533299469,13.171743076593417
32,8,0.0,0.0,NaN,1.6059782608695622e-5,1.143090245210884e-6,14.049444193912107,0.001180274467792175,0.00013364594939357848,8.831352339129596
32,9,-0.00477340909091051,3.844204208550835e-5,124.17157965471249,0.0,0.0,NaN,-0.0009017277555736364,0.00013484637284481152,6.687074606088169
32,10,0.0,0.0,NaN,4.642857142857147e-6,6.436842381137082e-7,7.212942104133015,0.000617805523651635,0.00013994288752818037,4.414697556724541
32,11,-0.003720000000000416,3.577277312304786e-5,103.98970153095779,0.0,0.0,NaN,-0.0004980828691912298,0.00014206036364846128,3.506135394836607
32,12,0.0,0.0,NaN,2.2697368421052634e-6,4.7322078429780925e-7,4.796359157117798,0.0003746852228422859,0.00014682178043027842,2.5519730229685744
32,13,-0.003259583333333419,3.541195787517972e-5,92.0475322156097,0.0,0.0,NaN,-0.00030755161919555907,0.0001503306494973237,2.0458344337894605
32,14,0.0,0.0,NaN,1.4338235294117646e-6,3.9764723533826435e-7,3.6057676301761834,6.024249838465501e-5,0.0001558529030552178,0.3865343359264308
32,15,-0.00312890625,3.699713433975803e-5,84.57158387636527,0.0,0.0,NaN,-3.880161919556091e-5,0.0001603723634923843,0.24194704343434775
32,16,0.0,0.0,NaN,5.0e-7,2.499962499343737e-7,2.000030000975033,0.00015482338081768132,0.000163781803705083,0.9453026973403417
36,2,0.0,0.0,NaN,0.009248579545460524,1.9625331200971596e-5,471.257246603953,0.05349120093465287,8.746433175056272e-5,611.5773123060387
36,3,-0.03699234375,7.955000884220524e-5,465.01998288117994,0.0,0.0,NaN,-0.016126023852262986,0.00011403205119626791,141.41659018750306
36,4,0.0,0.0,NaN,0.0004271370967742581,5.029025898716749e-6,84.93436012792262,0.009762091697099406,0.00012045702330008296,81.04211302632018
36,5,-0.012954500000000535,5.2425774024958074e-5,247.10174033545698,0.0,0.0,NaN,-0.004771480883519599,0.00011517847630973104,41.426844983505596
36,6,0.0,0.0,NaN,6.11637931034476e-5,1.9834076729347345e-6,30.837731414514018,0.003078536357854947,0.0001209510555407624,25.452744865194102
36,7,-0.006759910714284208,4.0415520923447036e-5,167.26026436943562,0.0,0.0,NaN,-0.0017348380263793317,0.000119503685878014,14.517025258536425
36,8,0.0,0.0,NaN,1.3749999999999962e-5,9.762069534229274e-7,14.08512810914488,0.0011078107831544726,0.00012376239112199723,8.951110051376286
36,9,-0.004415769230768369,3.4178482880925496e-5,129.19734460281572,0.0,0.0,NaN,-0.0009139279988596566,0.00012415573414769203,7.361142078000801
36,10,0.0,0.0,NaN,4.200000000000003e-6,5.610942418769619e-7,7.485373554984706,0.0007837691165416272,0.00012805034490091178,6.120788797157284
36,11,-0.0033334375,3.089999128123743e-5,107.87826668495126,0.0,0.0,NaN,-0.00079362150851299,0.00012943912736863725,6.131233458124211
36,12,0.0,0.0,NaN,1.6304347826086957e-6,3.6454166393905826e-7,4.472560872716215,0.0006421495513023179,0.00013282717297779988,4.834474278916136
36,13,-0.002829204545454581,2.9899773655147022e-5,94.62294190202188,0.0,0.0,NaN,-0.0006343104289844165,0.00013490344472780343,4.701958725103525
36,14,0.0,0.0,NaN,6.249999999999998e-7,2.362207086197212e-7,2.64583068796967,0.00033766197362014583,0.00013870394278441282,2.4344078967169156
36,15,-0.0025537499999997272,2.9902111977885107e-5,85.40366653326763,0.0,0.0,NaN,-0.0001990121335107703,0.00014244177285145182,1.397147266050346
36,16,0.0,0.0,NaN,9.868421052631579e-8,9.868421052631579e-8,1.0,1.7427011156159744e-5,0.00014714407403830369,0.11843501867172201
36,17,-0.0024608333333331228,3.106122765243332e-5,79.22524379490655,0.0,0.0,NaN,-4.010588351298361e-5,0.00015119278105807705,0.2652632171477678
36,18,0.0,0.0,NaN,3.308823529411764e-7,1.9103310516187384e-7,1.7320681285099766,0.00015147499877556092,0.00015398288159814888,0.9837132361950933
40,2,0.0,0.0,NaN,0.00922342905405714,1.837868881511171e-5,501.85457443913305,0.05350021418562141,8.20636227194704e-5,651.9358080072666
40,3,-0.036880208333334934,7.4403230288841e-5,495.6802035363541,0.0,0.0,NaN,-0.01610527145627956,0.00010761667703081063,149.65404898785926
40,4,0.0,0.0,NaN,0.00042117857142858644,4.710012326430007e-6,89.42196797769789,0.009739661579482986,0.00011345303742534516,85.84751717988969
40,5,-0.012813088235295061,4.9008659508808854e-5,261.44539278802404,0.0,0.0,NaN,-0.0046295269710070475,0.00010861586893960852,42.62293361185657
40,6,0.0,0.0,NaN,6.170454545454657e-5,1.8639626950361952e-6,33.10395944021206,0.003047470020992357,0.00011349386337973353,26.851407910892743
40,7,-0.0065465625,3.710999671893683e-5,176.40967606605474,0.0,0.0,NaN,-0.0018307792687795588,0.00011167981889548075,16.39310742877327
40,8,0.0,0.0,NaN,1.427419354838717e-5,9.280784277367592e-7,15.38037424616868,0.0013249553581983486,0.0001153408053748389,11.48730801638205
40,9,-0.004206249999999051,3.1058762947717766e-5,135.42876794802064,0.0,0.0,NaN,-0.0008949902062851539,0.00011569695588988358,7.735641784188126
40,10,0.0,0.0,NaN,3.4913793103448316e-6,4.7499062110562683e-7,7.350417366595604,0.0007066412592270088,0.00011927988956577523,5.924227980084953
40,11,-0.0030519642857146693,2.756440478988535e-5,110.72121124975554,0.0,0.0,NaN,-0.000563798242001548,0.00011995989535714703,4.699889411565394
40,12,0.0,0.0,NaN,1.8055555555555562e-6,3.540543118012417e-7,5.0996570169413875,0.00046596118261066355,0.00012265176600381264,3.799058079572854
40,13,-0.002568750000000417,2.6245391392134018e-5,97.87432626248793,0.0,0.0,NaN,-0.00036273539854707326,0.00012426019158723637,2.9191601422279825
40,14,0.0,0.0,NaN,4.5e-7,1.8370713781212972e-7,2.4495509829356648,0.00035612229377640636,0.0001273182599163325,2.797103055056148
40,15,-0.0021846875,2.5280312546831025e-5,86.41853204753428,0.0,0.0,NaN,-0.000345896456279568,0.00012950991500783492,2.670810619083816
40,16,0.0,0.0,NaN,6.521739130434782e-7,2.3057022775062697e-7,2.8285261258831573,0.00026199077201402576,0.0001327748133461763,1.9731963119462421
40,17,-0.0020532954545453264,2.5652794842193146e-5,80.04178364098215,0.0,0.0,NaN,-0.0002638652062963015,0.00013584042720657987,1.9424644910386466
40,18,0.0,0.0,NaN,3.571428571428571e-7,1.7856874995312404e-7,2.000030000975033,0.0002726080079981513,0.00013979467404324824,1.9500600424434957
40,19,-0.001946999999999819,2.6310146944444284e-5,74.00186719257196,0.0,0.0,NaN,-0.00025402145627663464,0.0001429849810651232,1.776560407844089
40,20,0.0,0.0,NaN,3.9473684210526315e-7,1.973654604745055e-7,2.0000300009750336,0.00014049334628442323,0.00014530225346350188,0.966904111502396
44,2,0.0,0.0,NaN,0.009179954268298566,1.744981093431925e-5,526.0775777371879,0.05343698842754831,7.782558225453435e-5,686.6249744560686
44,3,-0.0367136250000053,7.056866340980327e-5,520.2539374566801,0.0,0.0,NaN,-0.016107876282768024,0.00010238271304257652,157.33003945763247
44,4,0.0,0.0,NaN,0.000419230769230816,4.443853127006024e-6,94.33947460663853,0.009648788380689124,0.00010748369095635166,89.76979014060306
44,5,-0.012761052631584387,4.611523297271168e-5,276.720983696117,0.0,0.0,NaN,-0.004558900131483343,0.00010263971041570453,44.41653345492879
44,6,0.0,0.0,NaN,6.13175675675673e-5,1.7564594280767465e-6,34.909754582095644,0.0029666444097398575,0.00010688275336735267,27.756062753581897
44,7,-0.006418541666666962,3.460424260184324e-5,185.48424077702745,0.0,0.0,NaN,-0.0018504544077719565,0.0001050937940099881,17.60764681876543
44,8,0.0,0.0,NaN,1.457142857142853e-5,8.823246367179635e-7,16.514815482916536,0.0013047196994263321,0.00010833761836986653,12.043090101648684
44,9,-0.004044485294116775,2.8689573000339633e-5,140.97404984273888,0.0,0.0,NaN,-0.0008601143342601147,0.00010827828795099634,7.94355314012148
44,10,0.0,0.0,NaN,4.318181818181815e-6,4.951436401687052e-7,8.721068934078454,0.0005295882058639761,0.0001110822018919856,4.767534284015531
44,11,-0.002957578125,2.5376141368470453e-5,116.54956055197403,0.0,0.0,NaN,-0.0003926809702719525,0.00011197177574804697,3.506963854494392
44,12,0.0,0.0,NaN,1.935483870967741e-6,3.420954048599179e-7,5.6577312745849015,0.00031867361638186764,0.00011442164998008377,2.7850814634934555
44,13,-0.002281500000000343,2.3134453300852992e-5,98.61914480236375,0.0,0.0,NaN,-0.00028873565777723376,0.00011542057092898141,2.5015961665524387
44,14,0.0,0.0,NaN,7.758620689655173e-7,2.2395976825886646e-7,3.464292158351978,0.00012599494566598035,0.00011774963732921624,1.0700240656683386
44,15,-0.001980267857142936,2.2305448511210323e-5,88.77955788011563,0.0,0.0,NaN,-0.00010665976492317542,0.00011949920284522921,0.8925562881060978
44,16,0.0,0.0,NaN,3.4722222222222224e-7,1.552793927254021e-7,2.23611270064827,5.838239778248322e-5,0.0001222652398104122,0.4775060996323448
44,17,-0.0017812500000002483,2.1994604760472992e-5,80.98576989214071,0.0,0.0,NaN,-0.00014082700388370895,0.0001243274619046295,1.1327103580038984
44,18,0.0,0.0,NaN,2.25e-7,1.2990251151007424e-7,1.7320681285099766,0.00010767684228454866,0.00012744158392524627,0.8449113622733136
44,19,-0.0016621875,2.21767860384869e-5,74.95168583560043,0.0,0.0,NaN,-0.00023482940777194705,0.00012967952525717974,1.8108441352344145
44,20,0.0,0.0,NaN,2.445652173913043e-7,1.4119838207616764e-7,1.7320681285099768,0.0003351909726953678,0.00013314604209075626,2.5174685438031403
44,21,-0.0016424999999999027,2.3086152754902056e-5,71.14654474644496,0.0,0.0,NaN,-0.00040242883960550646,0.00013590775366036746,2.961044007917115
44,22,0.0,0.0,NaN,8.928571428571428e-8,8.928571428571429e-8,0.9999999999999999,0.00042023755650755223,0.00013809821391602662,3.0430339726412834
48,2,0.0,0.0,NaN,0.009185333333339355,1.6676267797188075e-5,550.8027002833434,0.05334753340745675,7.425196113091932e-5,718.4663218981601
48,3,-0.03673534090913206,6.741401250999074e-5,544.9214420175315,0.0,0.0,NaN,-0.016014726062223456,9.79952650307869e-5,163.42346803380912
48,4,0.0,0.0,NaN,0.0004203924418604217,4.2266393795004755e-6,99.46257631993807,0.009579188446202133,0.00010208806517203093,93.83259864960732
48,5,-0.012683392857137396,4.3713633559919696e-5,290.1473024371643,0.0,0.0,NaN,-0.00460974635444647,9.759625364678076e-5,47.232820750784256
48,6,0.0,0.0,NaN,6.0000000000000584e-5,1.655714974810352e-6,36.238121242379336,0.0029747397083987465,0.00010122604228098642,29.387098827210597
48,7,-0.0064218749999996405,3.286746233047435e-5,195.38700418758367,0.0,0.0,NaN,-0.0017270343008778527,9.989447932278868e-5,17.28858604185015
48,8,0.0,0.0,NaN,1.4615384615384575e-5,8.369788722275268e-7,17.462071147013955,0.0012188731510391349,0.00010277854730216695,11.859217541338381
48,9,-0.003945986842104727,2.6831933296500844e-5,147.06308332315822,0.0,0.0,NaN,-0.0008595630837963247,0.00010276515408385112,8.364343842611914
48,10,0.0,0.0,NaN,4.307432432432425e-6,4.670103748163789e-7,9.223419145936617,0.0006236392632533866,0.00010506753600845185,5.935603773968962
48,11,-0.002736875000000272,2.3114032124221712e-5,118.4075104374472,0.0,0.0,NaN,-0.00038742492587891253,0.00010565586410013285,3.666856820287227
48,12,0.0,0.0,NaN,1.3928571428571427e-6,2.731276119609579e-7,5.099657016941385,0.0002222357884630738,0.00010758538951963056,2.0656688557373633
48,13,-0.0021686029411766496,2.1227657571182284e-5,102.15931427689165,0.0,0.0,NaN,-0.00015687345530771002,0.0001086662512713518,1.4436262728524558
48,14,0.0,0.0,NaN,4.545454545454546e-7,1.607004617655885e-7,2.828526125883158,0.00017558643775621163,0.00011077863288533431,1.5850208039483493
48,15,-0.0018140625,2.0020889470652634e-5,90.60848683367043,0.0,0.0,NaN,-0.00017945617587891705,0.00011197552363560944,1.6026375233832622
48,16,0.0,0.0,NaN,5.443548387096775e-7,1.814443546209583e-7,3.0001200084006365,7.380491279285195e-5,0.00011399362986555502,0.6474476940500802
48,17,-0.0016095000000001937,1.947367170666251e-5,82.65005306880761,0.0,0.0,NaN,-4.1924925883868314e-5,0.00011563389610386632,0.36256605801995906
48,18,0.0,0.0,NaN,6.46551724137931e-8,6.46551724137931e-8,1.0,-9.235270716695387e-6,0.00011778631857983816,0.07840699011605086
48,19,-0.0014491071428570643,1.917634586617077e-5,75.56742838130867,0.0,0.0,NaN,-6.293831874466804e-5,0.00011947155783425968,0.5268058765248631
48,20,0.0,0.0,NaN,6.944444444444444e-8,6.944444444444444e-8,1.0,0.00011826951856572232,0.00012180173675318871,0.9710002641865128
48,21,-0.0013892307692309291,1.953484732188962e-5,71.11551712381379,0.0,0.0,NaN,-0.0002730258873779451,0.0001243151301597725,2.1962402084689634
48,22,0.0,0.0,NaN,0.0,0.0,NaN,0.00023235007417751752,0.0001275530596850983,1.8215954580089337
48,23,-0.0013275,1.9930508266263496e-5,66.60642981428968,0.0,0.0,NaN,-0.0001876593008789118,0.00013012440897101468,1.4421529547213012
48,24,0.0,0.0,NaN,0.0,0.0,NaN,-5.699014323674867e-5,0.0001319061322573954,0.4320507489791361
52,2,0.0,0.0,NaN,0.009174413265312351,1.5867637130901076e-5,578.1839595667237,0.0533561767682227,7.078156962606698e-5,753.8145459347518
52,3,-0.0366934375,6.406075044641931e-5,572.7912527451665,0.0,0.0,NaN,-0.016116371063397847,9.348767968574683e-5,172.390320495407
52,4,0.0,0.0,NaN,0.0004159308510638179,4.0379529488170015e-6,103.0053733502945,0.009668818431239595,9.766550579406408e-5,98.99931764677603
52,5,-0.012647119565214984,4.1579012918659506e-5,304.1707505167663,0.0,0.0,NaN,-0.0045784566612061955,9.341025310366925e-5,49.01449797084801
52,6,0.0,0.0,NaN,5.862499999999988e-5,1.5574738506447968e-6,37.641081406104526,0.0028373476865999198,9.676665926407291e-5,29.32154223550174
52,7,-0.006344147727274092,3.104369549775022e-5,204.36187205011922,0.0,0.0,NaN,-0.0015808596997332613,9.505176643092889e-5,16.631565715109797
52,8,0.0,0.0,NaN,1.299418604651157e-5,7.541398275301986e-7,17.230473145898443,0.000999010477279627,9.777901990925785e-5,10.217022815392726
52,9,-0.003858750000001142,2.518408633061454e-5,153.2217587465275,0.0,0.0,NaN,-0.0006491612419685516,9.755048207811449e-5,6.654618492287199
52,10,0.0,0.0,NaN,3.521341463414637e-6,4.011415808128237e-7,8.77830080910442,0.0004501342721007773,9.975175054996524e-5,4.512545089374716
52,11,-0.002655000000000625,2.1559301021473368e-5,123.14870493047097,0.0,0.0,NaN,-0.000426277313396603,9.992840540719037e-5,4.265827235605324
52,12,0.0,0.0,NaN,1.2980769230769226e-6,2.4978254193377596e-7,5.196828061030292,0.000286741917367217,0.00010202489359896788,2.810509349750675
52,13,-0.0020589473684207984,1.9615911630973724e-5,104.96312417974495,0.0,0.0,NaN,-0.00019340231342113157,0.0001028267027908945,1.8808568997338084
52,14,0.0,0.0,NaN,6.58783783783784e-7,1.8270278380406746e-7,3.605767630176184,-3.0530691832550416e-5,0.0001046051186349203,0.29186613648520215
52,15,-0.0016893750000000643,1.8216385573148608e-5,92.73930842187727,0.0,0.0,NaN,8.316018660214919e-5,0.00010569874290317138,0.7867660893406335
52,16,0.0,0.0,NaN,3.2142857142857145e-7,1.3121938415152125e-7,2.4495509829356648,-0.0001802237419152447,0.00010707985982244268,1.6830778655676941
52,17,-0.0014461764705881546,1.7383487677356156e-5,83.19253865678252,0.0,0.0,NaN,-1.6701929876627997e-7,0.0001084865424657815,0.0015395393287509435
52,18,0.0,0.0,NaN,2.2727272727272729e-7,1.1363465906107893e-7,2.0000300009750336,-7.215231339932626e-5,0.00011015021974143527,0.655035582940237
52,19,-0.001297734375,1.7011926565214864e-5,76.28379831203495,0.0,0.0,NaN,-1.4491883978534625e-6,0.0001120194149862793,0.012936939529910655
52,20,0.0,0.0,NaN,6.048387096774194e-8,6.048387096774194e-8,1.0,-0.0001076966682768965,0.00011403262856731008,0.9444373038662908
52,21,-0.0012532500000001132,1.7269456468466385e-5,72.57032103404747,0.0,0.0,NaN,9.28518659766564e-6,0.00011610668273107957,0.07997116427115156
52,22,0.0,0.0,NaN,0.0,0.0,NaN,-2.7367830648938885e-5,0.0001180619521955236,0.23180906413960312
52,23,-0.0011571428571427558,1.7220979916803355e-5,67.19378703959086,0.0,0.0,NaN,-3.811213483483067e-5,0.0001203599735485631,0.31665123970348086
52,24,0.0,0.0,NaN,6.944444444444444e-8,6.944444444444444e-8,1.0,-3.541202286974632e-6,0.0001227296106480502,0.02885369120195193
52,25,-0.0011348076923077947,1.7733404425889528e-5,63.99265843455614,0.0,0.0,NaN,-1.470039028210468e-5,0.0001249497715836167,0.1176503974020244
52,26,0.0,0.0,NaN,7.5e-8,7.5e-8,1.0,-3.357731334040215e-5,0.00012662470535326257,0.2651718971169713
56,2,0.0,0.0,NaN,0.009133620283022842,1.529199303891952e-5,597.2812216025042,0.05351632728917376,6.783779115478594e-5,788.886642359348
56,3,-0.036532644230753315,6.169695863890955e-5,592.1303908117408,0.0,0.0,NaN,-0.016227594608663173,8.989494507525214e-5,180.5173204686744
56,4,0.0,0.0,NaN,0.00042113970588228677,3.898609257242013e-6,108.02306106978594,0.009853832144754548,9.338174406966856e-5,105.52204012599059
56,5,-0.012544949999999867,3.986189514666834e-5,314.7103255839148,0.0,0.0,NaN,-0.004777396531736519,8.936586206838263e-5,53.45885353940705
56,6,0.0,0.0,NaN,5.728316326530638e-5,1.480330782029081e-6,38.696191392297244,0.0031233016825774618,9.275115919655177e-5,33.6739908118968
56,7,-0.00624984375,2.955073665585561e-5,211.49536212193092,0.0,0.0,NaN,-0.00177016371922116,9.134056758646495e-5,19.379819569716215
56,8,0.0,0.0,NaN,1.4162234042553198e-5,7.503217191014527e-7,18.874882176559108,0.0011664228831287093,9.36563244592154e-5,12.45428848359998
56,9,-0.003801521739129719,2.3911234409524975e-5,158.9847547818524,0.0,0.0,NaN,-0.0006460247925789558,9.34054457367166e-5,6.916350406376906
56,10,0.0,0.0,NaN,4.499999999999996e-6,4.3278097577611864e-7,10.397869249982664,0.0004517659682781727,9.526648764886678e-5,4.742128941955872
56,11,-0.002652784090909813,2.05502559493954e-5,129.08764238471002,0.0,0.0,NaN,-0.0003478164180600457,9.567839637497578e-5,3.6352659663829336
56,12,0.0,0.0,NaN,1.9622093023255818e-6,2.92444532725226e-7,6.709680239326709,0.00032448108453743407,9.720150571763615e-5,3.338231050453373
56,13,-0.001983928571428325,1.8299680786707026e-5,108.41328843667372,0.0,0.0,NaN,-0.000176028674578374,9.810108142747491e-5,1.7943601845868553
56,14,0.0,0.0,NaN,8.231707317073175e-7,1.9400670931675845e-7,4.243001361171025,0.00013209523670533463,9.932767486700666e-5,1.3298935758055508
56,15,-0.0016093125000000562,1.6877502037452132e-5,95.35252885343463,0.0,0.0,NaN,-6.69371567195709e-5,0.00010021997108522838,0.6679023750929509
56,16,0.0,0.0,NaN,3.365384615384616e-7,1.271957661798499e-7,2.6458306879696707,3.4689045197863755e-5,0.00010150903507068047,0.3417335725210063
56,17,-0.001375657894736689,1.607342213610275e-5,85.5858748117368,0.0,0.0,NaN,3.24699156241115e-5,0.00010292318170904528,0.31547718487659154
56,18,0.0,0.0,NaN,1.0135135135135135e-7,7.166586948734259e-8,1.4142206335646528,-1.0612410156193852e-5,0.00010449598215241309,0.10155806890943495
56,19,-0.0011939583333332373,1.5355467940259727e-5,77.75460428678036,0.0,0.0,NaN,7.573471827883316e-5,0.00010572609262825794,0.7163294925229381
56,20,0.0,0.0,NaN,2.1428571428571428e-7,1.0714124997187443e-7,2.000030000975033,-8.99661745229624e-5,0.0001071886220640362,0.8393257865486429
56,21,-0.0010991911764704938,1.5220180169477629e-5,72.21932751327077,0.0,0.0,NaN,0.0001608174388512268,0.00010854933897586366,1.4815146768142469
56,22,0.0,0.0,NaN,1.7045454545454545e-7,9.841099356823806e-8,1.7320681285099768,-0.00016444994081286912,0.00011021687297712986,1.4920577618546
56,23,-0.00106078125,1.5424646915531296e-5,68.77183353428235,0.0,0.0,NaN,8.7258155778841e-5,0.00011198319898460513,0.7792075647958296
56,24,0.0,0.0,NaN,6.048387096774194e-8,6.048387096774194e-8,1.0,6.697419851112163e-6,0.00011393687502610096,0.058781846084315546
56,25,-0.0010327500000000636,1.573687551159726e-5,65.62611486879847,0.0,0.0,NaN,-4.242153172447083e-5,0.0001160044925474765,0.3656886969882585
56,26,0.0,0.0,NaN,0.0,0.0,NaN,1.343554476840314e-6,0.00011804830746461535,0.0113813955125366
56,27,-0.0009867857142856517,1.5955647508280513e-5,61.84554489396553,0.0,0.0,NaN,-1.3238496014908452e-5,0.00012031603785523879,0.11003101706886886
56,28,0.0,0.0,NaN,0.0,0.0,NaN,3.589096827902316e-5,0.00012160848134940045,0.29513540405050137
60,2,0.0,0.0,NaN,0.009163848684211067,1.4699761757914803e-5,623.4011703813478,0.05336539398719908,6.525296521909156e-5,817.8232791110856
60,3,-0.03667245535713822,5.926268274484838e-5,618.8119345698386,0.0,0.0,NaN,-0.015940662168810182,8.670048734973065e-5,183.85896845664854
60,4,0.0,0.0,NaN,0.0004157386363635847,3.7329062340271087e-6,111.37130436707496,0.009427368269473518,9.015034548713724e-5,104.57384515313507
60,5,-0.012543333333346231,3.813206530908157e-5,328.94450462296095,0.0,0.0,NaN,-0.004407440442623936,8.661942633567644e-5,50.88281727408091
60,6,0.0,0.0,NaN,5.9080188679246526e-5,1.4414385661523865e-6,40.98696265422433,0.002893807591972733,8.932164585880381e-5,32.39760714381765
60,7,-0.006216346153848752,2.8395623892337296e-5,218.9191608333094,0.0,0.0,NaN,-0.0017734660836886962,8.755139477065416e-5,20.256285903090305
60,8,0.0,0.0,NaN,1.3602941176470545e-5,7.058772655557968e-7,19.27097222172158,0.0012950166652204304,8.954404754580293e-5,14.462342285320672
60,9,-0.0037412999999980007,2.2763060529498127e-5,164.3583908740978,0.0,0.0,NaN,-0.0008879612759751937,8.934098996170434e-5,9.939013171398871
60,10,0.0,0.0,NaN,4.017857142857147e-6,3.9189875939312303e-7,10.252283393494334,0.0006508780097708167,9.128731889231945e-5,7.1299937129118485
60,11,-0.0025909375,1.9458318737692075e-5,133.15320480289898,0.0,0.0,NaN,-0.0004438206509577297,9.152550450365702e-5,4.849147277194154
60,12,0.0,0.0,NaN,1.7154255319148933e-6,2.6154499882246097e-7,6.558816034097976,0.0003153498942123356,9.301518652885632e-5,3.3903054542013296
60,13,-0.0019356521739134942,1.7309251049804676e-5,111.82760989160977,0.0,0.0,NaN,-0.00021956453681858112,9.344439379474065e-5,2.349681215770688
60,14,0.0,0.0,NaN,4.1666666666666667e-7,1.317556397103591e-7,3.162419973692457,0.00019670539070799908,9.482612100226988e-5,2.074379808315585
60,15,-0.0015359659090910126,1.577335968872026e-5,97.3772195272642,0.0,0.0,NaN,-0.0002040124122965059,9.55403489402411e-5,2.1353534350613717
60,16,0.0,0.0,NaN,2.180232558139535e-7,9.750101403688039e-8,2.23611270064827,0.00027309977053190104,9.705342997687392e-5,2.8139115804250894
60,17,-0.001264642857142769,1.464777796802311e-5,86.33683961509742,0.0,0.0,NaN,-0.0002646577045284232,9.783330842187343e-5,2.7051901729334893
60,18,0.0,0.0,NaN,4.5731707317073176e-8,4.5731707317073176e-8,1.0,0.0002918253095429979,9.929191358021095e-5,2.9390642099696547
60,19,-0.0011508749999998838,1.4349947353688317e-5,80.20064266675364,0.0,0.0,NaN,-0.00026372690095713414,0.00010036250917214746,2.6277431994528437
60,20,0.0,0.0,NaN,9.615384615384616e-8,6.79906966931199e-8,1.4142206335646526,0.0002789618009616385,0.0001016472660751782,2.744410270270512
60,21,-0.0010055921052630602,1.3778321116752284e-5,72.983645593832,0.0,0.0,NaN,-0.0002394579865089841,0.00010293610061401181,2.3262780023783876
60,22,0.0,0.0,NaN,1.0135135135135135e-7,7.166586948734259e-8,1.4142206335646528,0.00023790021047143117,0.00010442312331411177,2.278233047634587
60,23,-0.0009299999999999633,1.3618005607392416e-5,68.29193839479115,0.0,0.0,NaN,-0.00016764877595773497,0.00010587908103061944,1.5833984799060752
60,24,0.0,0.0,NaN,0.0,0.0,NaN,0.0001984672955241823,0.00010735326358623243,1.848730899221911
60,25,-0.0008909558823529005,1.373665051112966e-5,64.85976196533743,0.0,0.0,NaN,-0.00018252009950492365,0.00010901088525742707,1.6743291192792904
60,26,0.0,0.0,NaN,0.0,0.0,NaN,0.00021283417858583564,0.00011098502403744979,1.9176837634780237
60,27,-0.000892265625,1.418327846647908e-5,62.909688130906446,0.0,0.0,NaN,-0.00011540268220773531,0.00011242737372341326,1.0264642709847667
60,28,0.0,0.0,NaN,0.0,0.0,NaN,0.00010457904658366102,0.00011433303876922008,0.914687895200202
60,29,-0.000836750000000019,1.421928325391875e-5,58.84614470770991,0.0,0.0,NaN,-8.133627596343396e-5,0.00011602164211729792,0.7010439990256555
60,30,0.0,0.0,NaN,0.0,0.0,NaN,8.593958610182695e-5,0.00011764494052831208,0.7304996348835332
64,2,0.0,0.0,NaN,0.009147018442620738,1.42226493554636e-5,643.130419235635,0.0534106858371587,6.335627156346091e-5,843.0212908545259
64,3,-0.03658900000000032,5.730659761731264e-5,638.4779680053206,0.0,0.0,NaN,-0.016097048793973126,8.411492384480014e-5,191.3697125099189
64,4,0.0,0.0,NaN,0.00041224576271192296,3.583274706897618e-6,115.04721140089293,0.009670367519592549,8.69188289692196e-5,111.25745289340124
64,5,-0.012512586206900917,3.683508945643075e-5,339.6920271281286,0.0,0.0,NaN,-0.004631637156019525,8.31590440025287e-5,55.69613277274671
64,6,0.0,0.0,NaN,5.628289473684338e-5,1.3569793870393025e-6,41.47660257363456,0.0030024939691874336,8.601363240500716e-5,34.90718721248479
64,7,-0.006219642857141535,2.7250326992755032e-5,228.2410357422549,0.0,0.0,NaN,-0.0016948121868257116,8.443317561376308e-5,20.072822969238736
64,8,0.0,0.0,NaN,1.2238636363636388e-5,6.447732584362941e-7,18.981302657181477,0.0011465932514827526,8.637971423906104e-5,13.273871783246319
64,9,-0.0037390277777790224,2.181831030384426e-5,171.3710972897946,0.0,0.0,NaN,-0.0006446112939687276,8.606190289060233e-5,7.490088788626088
64,10,0.0,0.0,NaN,3.290094339622643e-6,3.410099156778318e-7,9.648089948008876,0.0004414028569780376,8.758366563226838e-5,5.039785144770327
64,11,-0.002474567307691737,1.8272128189270915e-5,135.42852162917515,0.0,0.0,NaN,-0.0003188661016955835,8.78821754105262e-5,3.6283364653418775
64,12,0.0,0.0,NaN,1.7279411764705866e-6,2.519881471579918e-7,6.85723196094299,0.00023704311779486342,8.913735015156871e-5,2.6593018234420978
64,13,-0.0018982499999995286,1.64245750947058e-5,115.57376608247232,0.0,0.0,NaN,-0.00017844879398777602,8.96751287338654e-5,1.989947452625018
64,14,0.0,0.0,NaN,6.887755102040815e-7,1.6233214453034887e-7,4.243001361171023,0.00012191931828967051,9.099780110429646e-5,1.339805103091816
64,15,-0.00149671875,1.492291292626163e-5,100.29668854838961,0.0,0.0,NaN,-0.0001401191064697438,9.159689651391331e-5,1.529736397220184
64,16,0.0,0.0,NaN,4.388297872340425e-7,1.323055433501921e-7,3.3167906356918744,0.00015501636556174148,9.271164450609057e-5,1.6720269216188681
64,17,-0.0012228260869567127,1.3797728700377612e-5,88.62517255635319,0.0,0.0,NaN,-0.00016607868526227754,9.34840911378211e-5,1.7765448991468737
64,18,0.0,0.0,NaN,1.25e-7,7.216806195004123e-8,1.732068128509977,0.00010201370602937188,9.457484592311594e-5,1.078655799368717
64,19,-0.001051534090909025,1.309562838289147e-5,80.29657380036694,0.0,0.0,NaN,-8.637265758136559e-5,9.564812564414037e-5,0.903025093274862
64,20,0.0,0.0,NaN,0.0,0.0,NaN,4.6914868799569076e-5,9.703539350921013e-5,0.4834820275667367
64,21,-0.0009333928571428399,1.2619119473503245e-5,73.9665599571122,0.0,0.0,NaN,-2.224522254122563e-5,9.795397499374929e-5,0.22709872205436438
64,22,0.0,0.0,NaN,0.0,0.0,NaN,-7.708080602944478e-5,9.895522564269526e-5,0.7789462914042153
64,23,-0.0008774999999999242,1.254012101402284e-5,69.97540127552759,0.0,0.0,NaN,0.00011860745603092804,0.00010011109876048547,1.184758308513773
64,24,0.0,0.0,NaN,0.0,0.0,NaN,-0.00014413052474371302,0.00010165943852662019,1.417778091563741
64,25,-0.000824407894736772,1.2502268063109816e-5,65.9406669714062,0.0,0.0,NaN,0.00012404002179544626,0.00010295059163906984,1.204850014172944
64,26,0.0,0.0,NaN,0.0,0.0,NaN,-8.297278051239143e-5,0.00010456932326987199,0.7934715260445522
64,27,-0.00079666666666666,1.2634359529269345e-5,63.05556406092964,0.0,0.0,NaN,4.679495603025774e-5,0.0001056649167722967,0.44286180749187387
64,28,0.0,0.0,NaN,5.357142857142857e-8,5.357142857142858e-8,0.9999999999999999,2.7817277514288752e-5,0.00010738252059834195,0.2590484685895729
64,29,-0.0007863970588235165,1.2933963390205841e-5,60.800934338426416,0.0,0.0,NaN,-6.451938222187814e-5,0.00010879583130494714,0.5930317499117664
64,30,0.0,0.0,NaN,0.0,0.0,NaN,9.090006966540332e-5,0.00011067322150134641,0.8213375234974746
64,31,-0.000764296875,1.3164053929923564e-5,58.05938497886706,0.0,0.0,NaN,2.715185302565315e-7,0.00011207494790194491,0.0024226514072893863
64,32,0.0,0.0,NaN,6.048387096774194e-8,6.048387096774194e-8,1.0,-8.761532626753998e-5,0.00011338271113317246,0.7727397359958375
68,2,0.0,0.0,NaN,0.009173278846146701,1.3814530383679503e-5,664.0311752460308,0.05345301298966218,6.109831804286513e-5,874.8688131179129
68,3,-0.0366769921875,5.562484981272106e-5,659.3634375820318,0.0,0.0,NaN,-0.01608430567018025,8.146607790170497e-5,197.4356208677088
68,4,0.0,0.0,NaN,0.00041559523809516863,3.4899186357901595e-6,119.08450639310475,0.009769234601398225,8.398117303144355e-5,116.32648424356381
68,5,-0.012516774193549575,3.5627068008400645e-5,351.32765319330224,0.0,0.0,NaN,-0.004672181489252913,8.056132657485744e-5,57.99533954932496
68,6,0.0,0.0,NaN,5.763319672131254e-5,1.3277345135768508e-6,43.40716922847142,0.0030945424663497423,8.286894812319811e-5,37.34260584253107
68,7,-0.006169249999999649,2.6200628028803956e-5,235.4619130967935,0.0,0.0,NaN,-0.0018108740295548487,8.141137937134049e-5,22.243500153644817
68,8,0.0,0.0,NaN,1.2521186440677981e-5,6.295674888907284e-7,19.88855311245469,0.0013500724746789566,8.299723553569687e-5,16.266475214084622
68,9,-0.0036781034482745814,2.085293144986245e-5,176.38304029905794,0.0,0.0,NaN,-0.0009309526933362344,8.282791799970056e-5,11.2396003161591
68,10,0.0,0.0,NaN,4.276315789473677e-6,3.748157129168274e-7,11.40911557894747,0.0008363085362319833,8.426679065619714e-5,9.924532899847415
68,11,-0.0024779464285718906,1.7657726036826407e-5,140.33213695829022,0.0,0.0,NaN,-0.000603313761697491,8.450680087894197e-5,7.1392332383017605
68,12,0.0,0.0,NaN,1.568181818181818e-6,2.3116376495109778e-7,6.783856537868569,0.0005376913113568499,8.558768550074023e-5,6.282344337401197
68,13,-0.0018130555555552306,1.546604631912061e-5,117.22812140512971,0.0,0.0,NaN,-0.00032421777955481124,8.625992707522066e-5,3.758614116055139
68,14,0.0,0.0,NaN,3.537735849056604e-7,1.1186799598049359e-7,3.1624199736924568,0.00024646618271474685,8.737126960853541e-5,2.8209065041521297
68,15,-0.0014552884615385451,1.4152276505624184e-5,102.83069730585085,0.0,0.0,NaN,-1.0888452666377169e-5,8.801963489907755e-5,0.12370481516836285
68,16,0.0,0.0,NaN,2.573529411764706e-7,9.726735060812051e-8,2.6458306879696702,6.353957338672833e-5,8.869625183472215e-5,0.7163726997746068
68,17,-0.0011755500000000406,1.2975554154834063e-5,90.59728671103328,0.0,0.0,NaN,-5.060527957351235e-5,8.943956739625866e-5,0.5658041630423765
68,18,0.0,0.0,NaN,0.0,0.0,NaN,0.00011256793474420657,9.06374888241658e-5,1.2419577837442652
68,19,-0.0009971875,1.2226262463990206e-5,81.56110691529801,0.0,0.0,NaN,-6.44434205525346e-6,9.175035274298743e-5,0.07023779051079461
68,20,0.0,0.0,NaN,7.978723404255319e-8,5.6417812149610115e-8,1.414220633564653,5.183275231675222e-5,9.271545227653738e-5,0.5590519276350339
68,21,-0.0009006521739131178,1.1864040149535638e-5,75.91445768567881,0.0,0.0,NaN,-1.8973214326575838e-5,9.365705168586475e-5,0.20258180227810205
68,22,0.0,0.0,NaN,0.0,0.0,NaN,8.578222044317019e-5,9.451531450060774e-5,0.9076012802414005
68,23,-0.0008215909090908605,1.1593067467685802e-5,70.86915619019216,0.0,0.0,NaN,4.816311380773097e-6,9.552100855861587e-5,0.05042148793704997
68,24,0.0,0.0,NaN,0.0,0.0,NaN,2.787524367825478e-5,9.661963558099646e-5,0.2885049556504164
68,25,-0.000756607142857165,1.1399962888733211e-5,66.3692636758435,0.0,0.0,NaN,4.1451863302385816e-5,9.796852983132803e-5,0.42311406911743293
68,26,0.0,0.0,NaN,0.0,0.0,NaN,0.0001596846596039203,9.940079663298376e-5,1.6064726341532438
68,27,-0.0007169999999999487,1.1401799639107169e-5,62.88480965239047,0.0,0.0,NaN,-6.013965455474446e-5,0.00010028007887411463,0.5997168653032278
68,28,0.0,0.0,NaN,0.0,0.0,NaN,0.00012703222044062323,0.00010143546106052066,1.2523452756312752
68,29,-0.0007038157894736322,1.15740565063877e-5,60.80977651052572,0.0,0.0,NaN,-4.527041115807984e-5,0.00010268514788751854,0.4408662020691552
68,30,0.0,0.0,NaN,0.0,0.0,NaN,0.0001296166798460674,0.0001041039804627782,1.245069393791442
68,31,-0.0006768750000000206,1.1680556138200775e-5,57.94886750180746,0.0,0.0,NaN,-1.546777955524492e-5,0.00010565303943009608,0.14640165241511077
68,32,0.0,0.0,NaN,0.0,0.0,NaN,7.383579192764278e-5,0.00010727574544807598,0.6882803901221182
68,33,-0.0006637500000000196,1.1916846087101663e-5,55.69846208875997,0.0,0.0,NaN,3.157266160348782e-5,0.0001088327943444479,0.2901024621637724
68,34,0.0,0.0,NaN,0.0,0.0,NaN,7.54358408011635e-6,0.00010991835345093863,0.06862897635637694
72,2,0.0,0.0,NaN,0.009169836956522926,1.3407824849178763e-5,683.9168216822719,0.05332905777146864,5.9328938809345705e-5,898.8709193475083
72,3,-0.036668713235307036,5.3956591361996016e-5,679.5965480713152,0.0,0.0,NaN,-0.015926934475982868,7.907290470517608e-5,201.42088538882646
72,4,0.0,0.0,NaN,0.00041935634328351144,3.3906599712889405e-6,123.6798578549578,0.009565747015457648,8.171583798176315e-5,117.06111387602088
72,5,-0.0125402272727285,3.458372451231399e-5,362.60487988398665,0.0,0.0,NaN,-0.004547872811525341,7.824374142524732e-5,58.12442923464106
72,6,0.0,0.0,NaN,5.852884615384608e-5,1.2964258052061052e-6,45.14631374877731,0.0030395979052596778,8.043101380267956e-5,37.791366309477176
72,7,-0.0061501171875,2.5445321517013657e-5,241.69933099048524,0.0,0.0,NaN,-0.0018091822930692142,7.888650030562351e-5,22.93399106387084
72,8,0.0,0.0,NaN,1.3154761904761864e-5,6.271581224385776e-7,20.97519179630845,0.0013053103594586751,8.076610900604198e-5,16.161610055537366
72,9,-0.0036676209677403353,2.0218939989994945e-5,181.3953139756686,0.0,0.0,NaN,-0.0008414129508520218,8.043865461255316e-5,10.460306116565903
72,10,0.0,0.0,NaN,3.780737704918037e-6,3.4068962541369844e-7,11.097307997938293,0.0006208133844430724,8.178244679953222e-5,7.591034613635738
72,11,-0.0024924999999992713,1.7100873132637967e-5,145.75279172396154,0.0,0.0,NaN,-0.00044859440244471305,8.183623877837525e-5,5.4816107037809205
72,12,0.0,0.0,NaN,1.4936440677966104e-6,2.1782026279758615e-7,6.857231960942996,0.00041608568229802023,8.276927999945924e-5,5.027054509846391
72,13,-0.001802068965517562,1.4879126976796215e-5,121.11389117976226,0.0,0.0,NaN,-0.00037656207484543236,8.311443500437928e-5,4.530645907965221
72,14,0.0,0.0,NaN,5.263157894736841e-7,1.315690784785823e-7,4.000300036754923,0.00033899770281690944,8.41204734156465e-5,4.029907215831901
72,15,-0.001411339285714441,1.3460725300184048e-5,104.84868045670197,0.0,0.0,NaN,-0.0002539827953000756,8.440032036468485e-5,3.0092634032980308
72,16,0.0,0.0,NaN,3.4090909090909096e-7,1.0780006885393015e-7,3.162419973692458,0.0001907805975610577,8.552787454291722e-5,2.2306247943215927
72,17,-0.0011280555555553836,1.2232010540747471e-5,92.22159773306169,0.0,0.0,NaN,-0.00013492773577622463,8.632552863470175e-5,1.5630108255367858
72,18,0.0,0.0,NaN,2.830188679245283e-7,1.0005877808046078e-7,2.828526125883157,0.0001232169183145171,8.733195279339244e-5,1.4109030472045017
72,19,-0.0009633173076924464,1.1568147437153096e-5,83.2732564073818,0.0,0.0,NaN,-4.1329979401427686e-5,8.808528796231882e-5,0.4692041129400389
72,20,0.0,0.0,NaN,0.0,0.0,NaN,9.876185791388159e-6,8.906872253608876e-5,0.11088276007760792
72,21,-0.0008493000000000284,1.1052742498183925e-5,76.84065743317342,0.0,0.0,NaN,2.605597537688742e-6,8.969927240370864e-5,0.029048145741492247
72,22,0.0,0.0,NaN,7.653061224489796e-8,5.411504430676889e-8,1.4142206335646528,5.630100573533747e-5,9.072441165489867e-5,0.6205717370700359
72,23,-0.00077953125,1.0829992659399377e-5,71.97892690383708,0.0,0.0,NaN,-3.8742839944219676e-5,9.157626335524175e-5,0.42306639870125323
72,24,0.0,0.0,NaN,7.978723404255319e-8,5.6417812149610115e-8,1.414220633564653,5.429655495908792e-5,9.281403220722572e-5,0.5850037291544462
72,25,-0.0007041847826086967,1.0509039370041553e-5,67.00753111803333,0.0,0.0,NaN,2.7223532349504587e-5,9.371167094255412e-5,0.2905031153077272
72,26,0.0,0.0,NaN,0.0,0.0,NaN,2.3155597554697094e-5,9.477933366812608e-5,0.24431061771100243
72,27,-0.0006732954545454173,1.0524119729373664e-5,63.976415306849425,0.0,0.0,NaN,4.920105212670445e-5,9.544037044339138e-5,0.5155161479165371
72,28,0.0,0.0,NaN,0.0,0.0,NaN,-4.2321146651772e-5,9.649935423593331e-5,0.4385640400069428
72,29,-0.0006307142857143326,1.042356140792067e-5,60.50852113127712,0.0,0.0,NaN,0.00011438774041365452,9.737422054197442e-5,1.1747230404206028
72,30,0.0,0.0,NaN,0.0,0.0,NaN,-4.997854865076978e-5,9.867642251793053e-5,0.5064892643598643
72,31,-0.0006127499999999641,1.0545493063353607e-5,58.105391214879944,0.0,0.0,NaN,-1.0641277443323993e-5,0.00010021681490855642,0.1061825548240952
72,32,0.0,0.0,NaN,0.0,0.0,NaN,3.7059443704551276e-5,0.00010156719807065883,0.3648761057558126
72,33,-0.0006067105263157523,1.0773378422963089e-5,56.31571662075561,0.0,0.0,NaN,6.448360690400334e-6,0.0001031623756750447,0.06250690378352941
72,34,0.0,0.0,NaN,0.0,0.0,NaN,-2.1256564662938682e-5,0.00010455290362044979,0.20330917580352167
72,35,-0.0005887500000000233,1.0917471148886077e-5,53.92732364216911,0.0,0.0,NaN,9.871809755578054e-5,0.00010582328533877457,0.932857992829763
72,36,0.0,0.0,NaN,0.0,0.0,NaN,-0.0001365408309603744,0.00010681709668229335,1.2782675732751707
76,2,0.0,0.0,NaN,0.009165821917810143,1.3021994886261598e-5,703.872332762181,0.05345976209688941,5.768756429818858e-5,926.7120695294822
76,3,-0.03666187500000066,5.241419396490394e-5,699.4646340369006,0.0,0.0,NaN,-0.016110686319218137,7.694805763975306e-5,209.37092908366023
76,4,0.0,0.0,NaN,0.0004155897887324996,3.2779071101986798e-6,126.78510243303081,0.009775155450192224,7.912013492718537e-5,123.54826567457634
76,5,-0.012510964285709966,3.3628862796311566e-5,372.03054892127295,0.0,0.0,NaN,-0.00475321980134287,7.576451496456981e-5,62.73675484579615
76,6,0.0,0.0,NaN,5.741847826086764e-5,1.2447827361572557e-6,46.12730928300235,0.0031788958818648183,7.797537560806352e-5,40.767945740245786
76,7,-0.006146691176470499,2.466403634974192e-5,249.2167579267623,0.0,0.0,NaN,-0.00187300709125153,7.644903255438199e-5,24.500075784728438
76,8,0.0,0.0,NaN,1.2593283582089676e-5,5.949573684546258e-7,21.166699077616514,0.0013004435781384244,7.800079199897061e-5,16.672184279303043
76,9,-0.0036207954545437837,1.9463618874272494e-5,186.0288920540796,0.0,0.0,NaN,-0.0008760485351200914,7.778247710244437e-5,11.262800668668355
76,10,0.0,0.0,NaN,3.6057692307692235e-6,3.2230978434265986e-7,11.187278220929812,0.0006816634404111371,7.913930794331747e-5,8.613462236735378
76,11,-0.0024624609375,1.6485468429850304e-5,149.3716085762666,0.0,0.0,NaN,-0.00047209256921813825,7.913254814489609e-5,5.965845663831153
76,12,0.0,0.0,NaN,1.3988095238095242e-6,2.039904048421838e-7,6.8572319609429995,0.0003443397224468375,8.035290035529303e-5,4.285342793157249
76,13,-0.0017754435483869357,1.4249052897879914e-5,124.60081109328327,0.0,0.0,NaN,-0.00019077452488398816,8.060591692778417e-5,2.3667558431833906
76,14,0.0,0.0,NaN,3.9959016393442626e-7,1.1081972132377861e-7,3.6057676301761834,0.0001222632197170337,8.159547002238358e-5,1.498406954252411
76,15,-0.0013510000000001416,1.2718081911047073e-5,106.22671008484757,0.0,0.0,NaN,-7.501444421692538e-5,8.208513192150772e-5,0.9138615296209361
76,16,0.0,0.0,NaN,2.860169491525423e-7,9.53351693771137e-8,3.0001200084006348,8.906076764091109e-5,8.302934662798599e-5,1.072642038723356
76,17,-0.0011162068965518905,1.1744460885357373e-5,95.04113534436837,0.0,0.0,NaN,-6.978384075820299e-5,8.327154949465451e-5,0.8380274077004254
76,18,0.0,0.0,NaN,1.6447368421052632e-7,7.355339655413783e-8,2.2361127006482704,8.74756873572996e-5,8.424453512704744e-5,1.03835444311467
76,19,-0.0009287946428571625,1.0923288730469726e-5,85.0288466939775,0.0,0.0,NaN,-5.503899778981636e-5,8.4753810022236e-5,0.6493985081659023
76,20,0.0,0.0,NaN,3.4090909090909086e-8,3.409090909090909e-8,0.9999999999999998,6.296851033296691e-5,8.578959514755488e-5,0.7339877315502357
76,21,-0.0008129166666665647,1.0453158815439008e-5,77.76756108076256,0.0,0.0,NaN,-3.461861088351059e-5,8.635363437343488e-5,0.4008935018739683
76,22,0.0,0.0,NaN,0.0,0.0,NaN,2.0267395407141953e-5,8.723966181382428e-5,0.23231859209168
76,23,-0.0007440865384616289,1.0164838679658997e-5,73.2020017150524,0.0,0.0,NaN,2.2096132671137192e-5,8.79502578521788e-5,0.25123442739957585
76,24,0.0,0.0,NaN,0.0,0.0,NaN,6.57011460708512e-6,8.906064677966667e-5,0.07377124290753675
76,25,-0.0006615000000000212,9.810460741035723e-6,67.42802580444193,0.0,0.0,NaN,-3.128944423634594e-5,8.95599319513557e-5,0.34936878082199463
76,26,0.0,0.0,NaN,0.0,0.0,NaN,-7.55653603945472e-6,9.082475797764495e-5,0.08319907707670016
76,27,-0.00061390625,9.622599534108614e-6,63.79837878776163,0.0,0.0,NaN,3.544649328186822e-5,9.16621397993102e-5,0.3867081148168327
76,28,0.0,0.0,NaN,0.0,0.0,NaN,3.396294935609223e-5,9.259094439411362e-5,0.3668063823987888
76,29,-0.0005810869565217192,9.572490069811134e-6,60.70384531965193,0.0,0.0,NaN,-0.00012777531377058948,9.349802053249915e-5,1.3666098281318781
76,30,0.0,0.0,NaN,0.0,0.0,NaN,0.0001649230557793785,9.463707389052798e-5,1.7426897197831186
76,31,-0.0005764772727272426,9.752701712458757e-6,59.10949496084883,0.0,0.0,NaN,-0.00021263944419210035,9.552887036392522e-5,2.2259181269707535
76,32,0.0,0.0,NaN,0.0,0.0,NaN,0.00022107421855198373,9.655913931353011e-5,2.289521428252895
76,33,-0.000541428571428603,9.682621650225748e-6,55.9175594159439,0.0,0.0,NaN,-0.00011433587278798785,9.770257837699912e-5,1.1702441704947317
76,34,0.0,0.0,NaN,0.0,0.0,NaN,-2.420194408279952e-5,9.874480644757207e-5,0.24509586836497968
76,35,-0.0005542499999999731,1.0042457512209417e-5,55.19067412793403,0.0,0.0,NaN,4.807930578309971e-5,0.00010011278288541687,0.48025141642629615
76,36,0.0,0.0,NaN,0.0,0.0,NaN,3.0576711614882512e-6,0.00010149101768651284,0.030127505184082765
76,37,-0.0005184868421052392,9.982266263976307e-6,51.9407946446328,0.0,0.0,NaN,3.663687154860373e-5,0.000102866882234859,0.35615808268551197
76,38,0.0,0.0,NaN,0.0,0.0,NaN,-5.5671538869331294e-5,0.00010389017144050777,0.5358691596847671
80,2,0.0,0.0,NaN,0.009171014610400628,1.2689629547313184e-5,722.7172847092637,0.05334299880760546,5.598899945601317e-5,952.7407048863857
80,3,-0.03668753289475707,5.109428323644798e-5,718.0359635339029,0.0,0.0,NaN,-0.016004941533361863,7.48260600865842e-5,213.89528614552083
80,4,0.0,0.0,NaN,0.0004123249999999959,3.162373467794156e-6,130.38466335464295,0.009633314716640515,7.704963425016808e-5,125.02739059555627
80,5,-0.01249935810811169,3.265095541857006e-5,382.8175300806893,0.0,0.0,NaN,-0.004594895080674427,7.374302933539783e-5,62.309551453004985
80,6,0.0,0.0,NaN,5.6609589041094634e-5,1.1985387235844176e-6,47.23217358534299,0.0030143328672889713,7.579624112253113e-5,39.76889648678018
80,7,-0.006131770833333371,2.39263022602584e-5,256.2774124741476,0.0,0.0,NaN,-0.0017399415333595875,7.442394051124777e-5,23.378788080921733
80,8,0.0,0.0,NaN,1.3389084507042177e-5,5.942984492519161e-7,22.529226727574216,0.001220214716692633,7.581976674042363e-5,16.093622667953557
80,9,-0.0036115714285710246,1.8860800347463578e-5,191.48558714565434,0.0,0.0,NaN,-0.0007899192119185799,7.550536135238876e-5,10.461763214826192
80,10,0.0,0.0,NaN,3.8043478260869668e-6,3.213025346034501e-7,11.840391582289485,0.0005839918905413966,7.649837442199873e-5,7.6340431408364315
80,11,-0.002455588235293393,1.5957753150093404e-5,153.88057530386226,0.0,0.0,NaN,-0.0004353551362719643,7.63869116436673e-5,5.69934203260928
80,12,0.0,0.0,NaN,1.0634328358208948e-6,1.7247966798873087e-7,6.165554747533346,0.00039927255242686033,7.726781912417817e-5,5.167384778716013
80,13,-0.0017536363636360926,1.374609264861705e-5,127.57344275666004,0.0,0.0,NaN,-0.00033023982880860114,7.773413653529078e-5,4.248324398106288
80,14,0.0,0.0,NaN,5.480769230769233e-7,1.2572615253049686e-7,4.359291301338269,0.0002780993320371933,7.870263518408024e-5,3.533545368420478
80,15,-0.0013569140625,1.2332211589742052e-5,110.03006659638267,0.0,0.0,NaN,-0.0001728516896095933,7.907480344486162e-5,2.1859262632264618
80,16,0.0,0.0,NaN,1.7857142857142855e-7,7.289965786195625e-8,2.4495509829356643,0.00013137543092454906,7.995723824389906e-5,1.6430711441508967
80,17,-0.001092096774193741,1.1257826862661444e-5,97.0077784564152,0.0,0.0,NaN,-4.7859880153003354e-5,8.049703790161702e-5,0.5945545500878853
80,18,0.0,0.0,NaN,1.2295081967213116e-7,6.14744876887804e-8,2.0000300009750336,8.371881500347789e-5,8.146748366397101e-5,1.027634722937963
80,19,-0.0009076250000001183,1.0449169127021747e-5,86.86097324743103,0.0,0.0,NaN,-4.2879033360102015e-5,8.202767385414594e-5,0.5227386239959159
80,20,0.0,0.0,NaN,1.2711864406779662e-7,6.355836862738313e-8,2.000030000975033,7.97062420588579e-5,8.28352075202534e-5,0.9622266237380952
80,21,-0.000782456896551816,9.877577314983227e-6,79.21546666761218,0.0,0.0,NaN,-3.7651662658858e-5,8.358559448521989e-5,0.4504563602226433
80,22,0.0,0.0,NaN,3.289473684210526e-8,3.289473684210526e-8,1.0,3.175242951958257e-6,8.445963634595312e-5,0.037594797815044094
80,23,-0.0007031249999999554,9.540402273840507e-6,73.6997224873738,0.0,0.0,NaN,0.00011912096664101757,8.503439077285601e-5,1.4008563542157157
80,24,0.0,0.0,NaN,0.0,0.0,NaN,-9.562619244317394e-5,8.566255188185606e-5,1.11631267505385
80,25,-0.0006502777777777114,9.346751730296995e-6,69.57259554352672,0.0,0.0,NaN,0.00010969388330750451,8.640988177041083e-5,1.269459939766597
80,26,0.0,0.0,NaN,0.0,0.0,NaN,-8.000933995734594e-5,8.707688464274861e-5,0.9188355817459619
80,27,-0.0006014423076923663,9.149451662827613e-6,65.73533910626641,0.0,0.0,NaN,6.76305819916484e-5,8.799520582569911e-5,0.7685712120000155
80,28,0.0,0.0,NaN,0.0,0.0,NaN,4.4258834288324334e-5,8.89705943903964e-5,0.49745463196660056
80,29,-0.0005625000000000175,9.02672434039753e-6,62.31496374411777,0.0,0.0,NaN,-3.134778337912647e-5,8.960757564903943e-5,0.349834075434698
80,30,0.0,0.0,NaN,0.0,0.0,NaN,1.9449410533459166e-5,9.042894419817529e-5,0.21507948263595478
80,31,-0.000535,8.993263765893426e-6,59.48897018109987,0.0,0.0,NaN,1.4355341640404085e-5,9.127548749163553e-5,0.15727488326720365
80,32,0.0,0.0,NaN,3.9893617021276594e-8,3.9893617021276594e-8,1.0,2.3685461278677433e-5,9.227713369328359e-5,0.2566774706874254
80,33,-0.0005113043478260711,8.986174128719739e-6,56.89900290179628,0.0,0.0,NaN,1.4263629694116764e-5,9.343436178085919e-5,0.15265935810179407
80,34,0.0,0.0,NaN,0.0,0.0,NaN,-2.9410283359579403e-5,9.476363229420872e-5,0.31035411631616777
80,35,-0.0004799999999999772,8.917117077169685e-6,53.82905661616931,0.0,0.0,NaN,5.929142121068043e-5,9.589896881587949e-5,0.6182696429668243
80,36,0.0,0.0,NaN,0.0,0.0,NaN,2.2482158479372738e-5,9.706890753700839e-5,0.23161029674513658
80,37,-0.0004933928571428806,9.25593641701021e-6,53.30555817519899,0.0,0.0,NaN,-2.3579926214836733e-5,9.787317094565626e-5,0.2409232886500572
80,38,0.0,0.0,NaN,0.0,0.0,NaN,-2.551699054138823e-5,9.906582667525826e-5,0.25757611275010045
80,39,-0.0004936874999999822,9.493683904248204e-6,52.0016786928274,0.0,0.0,NaN,0.000184089716640648,0.00010018564857991699,1.8374858999270904
80,40,0.0,0.0,NaN,0.0,0.0,NaN,-0.0001916602833648695,0.00010098437605543013,1.8979201620225643
84,2,0.0,0.0,NaN,0.009162893518516176,1.2329915629550404e-5,743.1432455673901,0.053359900450448666,5.4387447318769915e-5,981.1069112639411
84,3,-0.036649874999992324,4.958466757087368e-5,739.1372534182456,0.0,0.0,NaN,-0.01597754949168108,7.285879114116156e-5,219.29473768958218
84,4,0.0,0.0,NaN,0.00041306962025318194,3.093572942867535e-6,133.52509473084996,0.009559004998052054,7.493950480183718e-5,127.55628721231835
84,5,-0.01247951923076304,3.174000971870382e-5,393.1794394949124,0.0,0.0,NaN,-0.004543022448406625,7.171148648815924e-5,63.351391400271055
84,6,0.0,0.0,NaN,5.9366883116881456e-5,1.1995224350520242e-6,49.492099007140844,0.002995124716920816,7.362694295980128e-5,40.67973755960627
84,7,-0.006171414473687148,2.3248624269115824e-5,265.4528888354672,0.0,0.0,NaN,-0.001779268652849289,7.237646339276967e-5,24.5835257685033
84,8,0.0,0.0,NaN,1.3574999999999822e-5,5.820529027552558e-7,23.322622283541637,0.0013044708208230088,7.38013643577591e-5,17.675429609938686
84,9,-0.0036420608108117237,1.841141176743737e-5,197.8154014920851,0.0,0.0,NaN,-0.0008706751251414541,7.345630807542224e-5,11.852966041357222
84,10,0.0,0.0,NaN,3.852739726027391e-6,3.1434043335505877e-7,12.25658336379394,0.0006855276700949986,7.464257755366491e-5,9.184137158207495
84,11,-0.002413437499999389,1.527283317463983e-5,158.02159772208103,0.0,0.0,NaN,-0.000476369804181781,7.454356916132455e-5,6.390488268019986
84,12,0.0,0.0,NaN,1.3468309859154917e-6,1.8854690573112806e-7,7.143214473305129,0.00042126553918085674,7.555668425954417e-5,5.5754900219518735
84,13,-0.0017195357142852578,1.3233530238641682e-5,129.93779311164022,0.0,0.0,NaN,-0.0003114523934578256,7.574316559989928e-5,4.1119537451474
84,14,0.0,0.0,NaN,5.43478260869565e-7,1.215138879796861e-7,4.472560872716213,0.0002598632121091349,7.656289368137322e-5,3.3941142975942182
84,15,-0.0013153676470589381,1.1779194529864092e-5,111.66872605117888,0.0,0.0,NaN,-0.00018274388503315697,7.684204056228422e-5,2.378175848740432
84,16,0.0,0.0,NaN,1.6791044776119403e-7,6.854743948213797e-8,2.4495509829356643,0.000204487238694262,7.756720034808473e-5,2.6362591117975183
84,17,-0.0010855681818182407,1.0892799029593426e-5,99.65925001177219,0.0,0.0,NaN,-0.00016828031553837997,7.806722402545034e-5,2.155582161900872
84,18,0.0,0.0,NaN,8.653846153846154e-8,4.996250442695163e-8,1.7320681285099768,0.00016670351313925746,7.87313900165136e-5,2.117370379264129
84,19,-0.0008816015625,9.956881229140977e-6,88.5419382044853,0.0,0.0,NaN,-0.00010369402293178287,7.929847733056804e-5,1.3076420433587672
84,20,0.0,0.0,NaN,8.928571428571428e-8,5.1548615678600876e-8,1.732068128509977,0.00011562796367248218,8.018100032157324e-5,1.4420868186820526
84,21,-0.0007773387096775306,9.507423497282499e-6,81.76123740566695,0.0,0.0,NaN,-0.00010661425984630213,8.059225249335887e-5,1.3228847258622978
84,22,0.0,0.0,NaN,3.073770491803279e-8,3.073770491803278e-8,1.0000000000000002,6.215606672183016e-5,8.149667924857864e-5,0.7626822012249561
84,23,-0.0006786250000000675,9.033195563031184e-6,75.12568451162235,0.0,0.0,NaN,-5.7416679182228925e-5,8.195009899094043e-5,0.7006297721321402
84,24,0.0,0.0,NaN,0.0,0.0,NaN,1.3957261492808515e-5,8.299176317324367e-5,0.16817646666540878
84,25,-0.0006226293103448849,8.815138676392858e-6,70.63182250465331,0.0,0.0,NaN,-2.1313230894895452e-5,8.343078295314579e-5,0.25546003693702396
84,26,0.0,0.0,NaN,3.289473684210526e-8,3.289473684210526e-8,1.0,1.8494505027513708e-5,8.429774969313298e-5,0.21939500277099683
84,27,-0.000552455357142813,8.462848486602662e-6,65.2800718360245,0.0,0.0,NaN,-5.7564000608745225e-5,8.465239408981586e-5,0.6800044018562551
84,28,0.0,0.0,NaN,0.0,0.0,NaN,1.6032184461431398e-5,8.532435989232425e-5,0.18789692043003123
84,29,-0.0005358333333332924,8.481547295203247e-6,63.17636566577112,0.0,0.0,NaN,-3.4312512515094484e-5,8.617771518394063e-5,0.39815992384872
84,30,0.0,0.0,NaN,0.0,0.0,NaN,3.931563214533418e-5,8.69872103967541e-5,0.4519702605246579
84,31,-0.0004944230769231115,8.306141338113103e-6,59.52500165804173,0.0,0.0,NaN,-7.352725614091782e-5,8.775203899037886e-5,0.8378979792022765
84,32,0.0,0.0,NaN,0.0,0.0,NaN,7.655758552509162e-5,8.873046854148752e-5,0.8628105630851678
84,33,-0.0004735500000000141,8.296727808716131e-6,57.07671878816199,0.0,0.0,NaN,-0.00014310417919990992,8.960569504100669e-5,1.5970433479079702
84,34,0.0,0.0,NaN,0.0,0.0,NaN,0.00017182694328295167,9.050998996092076e-5,1.8984306965136213
84,35,-0.00045265625,8.28729443475673e-6,54.62051017538,0.0,0.0,NaN,-0.00018683855418177853,9.101633340747003e-5,2.0528024716764084
84,36,0.0,0.0,NaN,0.0,0.0,NaN,0.000142119225029394,9.199496682130017e-5,1.5448587019489881
84,37,-0.00042472826086955423,8.212545675435742e-6,51.71700440460795,0.0,0.0,NaN,-0.00018534059221374244,9.301632956353441e-5,1.9925597266998836
84,38,0.0,0.0,NaN,0.0,0.0,NaN,0.00012327082081661778,9.448058699757676e-5,1.3047211573715078
84,39,-0.00044249999999998,8.571394784498122e-6,51.62520349666634,0.0,0.0,NaN,-3.259849733755482e-5,9.543852507154141e-5,0.34156539314829887
84,40,0.0,0.0,NaN,0.0,0.0,NaN,-1.2578016413536397e-5,9.644775566734336e-5,0.13041274342265735
84,41,-0.00044035714285715725,8.75767246003475e-6,50.282440324950215,0.0,0.0,NaN,2.9958320818437856e-5,9.75755242786347e-5,0.30702700333835237
84,42,0.0,0.0,NaN,0.0,0.0,NaN,-1.1177349778318524e-5,9.856114710812093e-5,0.11340523224691211
88,2,0.0,0.0,NaN,0.009134095588240845,1.2015030008791868e-5,760.2224531738223,0.05344960066281551,5.3175829728210094e-5,1005.1484092679833
88,3,-0.036545357142853306,4.8312444660139094e-5,756.4377542874704,0.0,0.0,NaN,-0.016163985996854424,7.126841508459999e-5,226.80434211518215
88,4,0.0,0.0,NaN,0.00041640813253019933,3.0258795825726095e-6,137.61556637233005,0.009691700857712371,7.315455173904163e-5,132.4825404205168
88,5,-0.012543750000001491,3.0951499917127655e-5,405.27115111019697,0.0,0.0,NaN,-0.004629554376536532,7.022000539655824e-5,65.9292797030096
88,6,0.0,0.0,NaN,5.95138888888902e-5,1.1741669275312446e-6,50.686054506765636,0.0030341439634629652,7.191449009729737e-5,42.19099599201624
88,7,-0.0061063124999957506,2.255660834777835e-5,270.7105787292341,0.0,0.0,NaN,-0.0018215183629218257,7.067860925080489e-5,25.771847836707146
88,8,0.0,0.0,NaN,1.3030063291139162e-5,5.566114880409351e-7,23.40961976368854,0.0012506189986525446,7.200729253642723e-5,17.36794919792156
88,9,-0.003617980769229134,1.7842027722695138e-5,202.77856449169434,0.0,0.0,NaN,-0.0008362112715743497,7.185055856229052e-5,11.638201404508221
88,10,0.0,0.0,NaN,4.066558441558451e-6,3.144184445739623e-7,12.933587426999225,0.0005912453343129287,7.270435116658489e-5,8.13218637985269
88,11,-0.002427236842104927,1.498070465791143e-5,162.02421031130095,0.0,0.0,NaN,-0.00041942420171814376,7.26472972304843e-5,5.7734316032082855
88,12,0.0,0.0,NaN,1.3250000000000007e-6,1.8195541989110487e-7,7.2820034753181595,0.00027068007458147525,7.343466163673812e-5,3.685998798775136
88,13,-0.0017203378378373947,1.2826049909424755e-5,134.12842223335394,0.0,0.0,NaN,-0.0002406824254372747,7.370985560639633e-5,3.2652679001638005
88,14,0.0,0.0,NaN,5.13698630136986e-7,1.1485559274792249e-7,4.472560872716212,0.00022751534851161992,7.448126624607062e-5,3.05466542096581
88,15,-0.0013092708333335157,1.1379140025759951e-5,115.05885597414262,0.0,0.0,NaN,-0.0002632605504225144,7.481816596756006e-5,3.5186715287388877
88,16,0.0,0.0,NaN,2.3767605633802817e-7,7.922218300351701e-8,3.000120008400636,0.00022448922955876915,7.560131770999703e-5,2.969382497007511
88,17,-0.0010560000000000382,1.038826480655381e-5,101.65316534228342,0.0,0.0,NaN,-0.00025635206826823964,7.598026941660087e-5,3.3739294455861653
88,18,0.0,0.0,NaN,8.152173913043478e-8,4.706612735872254e-8,1.732068128509977,0.00020316268326171782,7.661661872682033e-5,2.6516790565517203
88,19,-0.0008642647058823629,9.587373893057741e-6,90.14613548222842,0.0,0.0,NaN,-0.00018145448421526267,7.717245220826384e-5,2.351285711714523
88,20,0.0,0.0,NaN,1.1194029850746268e-7,5.596930968680007e-8,2.0000300009750336,9.688753723044452e-5,7.790116151709297e-5,1.243723910447543
88,21,-0.0007423863636363172,9.046955172339036e-6,82.05925081912146,0.0,0.0,NaN,-8.608015268943281e-5,7.832618451032695e-5,1.0989958623362222
88,22,0.0,0.0,NaN,0.0,0.0,NaN,4.978392074461713e-5,7.890303740452876e-5,0.6309506247443866
88,23,-0.000651328125,8.569235140751993e-6,76.00773164719608,0.0,0.0,NaN,-0.0001067371129225142,7.960949741181897e-5,1.34075853249474
88,24,0.0,0.0,NaN,0.0,0.0,NaN,0.0001410586460025981,8.019205736920427e-5,1.7590101891657925
88,25,-0.0005794354838710277,8.235234172254738e-6,70.36053520168244,0.0,0.0,NaN,-0.00015195258673256218,8.075001007423581e-5,1.881765545203868
88,26,0.0,0.0,NaN,0.0,0.0,NaN,5.61976975316375e-5,8.15269679578273e-5,0.6893142102464518
88,27,-0.0005618750000000417,8.231981383538455e-6,68.25513492093492,0.0,0.0,NaN,-2.7449254229455766e-6,8.238187788722945e-5,0.03331952965072049
88,28,0.0,0.0,NaN,0.0,0.0,NaN,-5.958602712230476e-5,8.309633015267274e-5,0.7170717047651498
88,29,-0.0005013362068965819,7.917264068587681e-6,63.321900413258874,0.0,0.0,NaN,1.5739988381835435e-5,8.354665972192665e-5,0.1883975784815788
88,30,0.0,0.0,NaN,3.289473684210526e-8,3.289473684210526e-8,1.0,3.840600890731016e-6,8.428816208151237e-5,0.0455651279596878
88,31,-0.00047169642857140245,7.827651618522974e-6,60.260273650299276,0.0,0.0,NaN,-7.534760399491303e-5,8.512308541438481e-5,0.8851606309629861
88,32,0.0,0.0,NaN,0.0,0.0,NaN,-4.176743596970289e-6,8.587293761621598e-5,0.04863864813425884
88,33,-0.00045833333333330985,7.853220386211556e-6,58.362469253764665,0.0,0.0,NaN,5.9942574576213326e-5,8.65313177400601e-5,0.6927269356544494
88,34,0.0,0.0,NaN,0.0,0.0,NaN,-0.00018766945371807842,8.690773514765168e-5,2.159410245811122
88,35,-0.0004325480769230974,7.78190041601227e-6,55.58386175606585,0.0,0.0,NaN,0.00015901709377387496,8.756579409398654e-5,1.815972725642138
88,36,0.0,0.0,NaN,0.0,0.0,NaN,-0.00019055374894971777,8.840264682177465e-5,2.155520855997516
88,37,-0.00041160000000001174,7.748964760827583e-6,53.116772717915055,0.0,0.0,NaN,0.00015273007455789134,8.942938632257973e-5,1.7078287220598876
88,38,0.0,0.0,NaN,0.0,0.0,NaN,-0.00015119900703997047,9.055798153560913e-5,1.6696375568012867
88,39,-0.00040421875,7.843842614921213e-6,51.53325606394261,0.0,0.0,NaN,9.552851207747515e-5,9.166900357475951e-5,1.042102655774676
88,40,0.0,0.0,NaN,0.0,0.0,NaN,-8.060928716752125e-5,9.27035438639459e-5,0.869538356438946
88,41,-0.0004105434782608594,8.077848086826207e-6,50.8233719980939,0.0,0.0,NaN,6.893713980606064e-5,9.372536259543217e-5,0.7355227859040621
88,42,0.0,0.0,NaN,0.0,0.0,NaN,-8.636992542361555e-5,9.46670427858111e-5,0.9123547422837724
88,43,-0.0004119886363636187,8.278204797274609e-6,49.76787195446718,0.0,0.0,NaN,-1.4920844873117511e-6,9.573866768228462e-5,0.015584972335977523
88,44,0.0,0.0,NaN,0.0,0.0,NaN,6.228911764855072e-6,9.651106528089142e-5,0.06454090778840835
92,2,0.0,0.0,NaN,0.009169929775282309,1.1743949595662082e-5,780.8216222819493,0.053351309739563105,5.168190889396775e-5,1032.30145482862
92,3,-0.03667892045454323,4.7214534467417446e-5,776.856552082605,0.0,0.0,NaN,-0.01599878929323699,6.929281318913976e-5,230.88670465098787
92,4,0.0,0.0,NaN,0.0004147629310345483,2.9444329919958444e-6,140.86343012798767,0.009620304799632717,7.103806593010384e-5,135.42464414921403
92,5,-0.01249430232559791,3.0109066092835116e-5,414.96811249722253,0.0,0.0,NaN,-0.00461522973327487,6.82296038836248e-5,67.64262828121932
92,6,0.0,0.0,NaN,6.092647058823501e-5,1.1537715594759513e-6,52.8063550256934,0.0030146128624863877,6.994385259684706e-5,43.100469170070866
92,7,-0.0061491071428548035,2.2000883812696662e-5,279.4936419466098,0.0,0.0,NaN,-0.0017538816227918308,6.883584432273556e-5,25.47919096581121
92,8,0.0,0.0,NaN,1.2831325301204808e-5,5.387597308951957e-7,23.816414934881,0.0012372460127434842,7.002266377048198e-5,17.669222307778654
92,9,-0.003626158536584007,1.7494709362377437e-5,207.27172206599215,0.0,0.0,NaN,-0.0008100592141603719,6.971757071627689e-5,11.619154337103835
92,10,0.0,0.0,NaN,4.421296296296309e-6,3.1960970662321104e-7,13.833423092836757,0.0005868764790555037,7.056678598976931e-5,8.316610581365975
92,11,-0.002397562500000906,1.4488529161398214e-5,165.4800479256881,0.0,0.0,NaN,-0.0004081238102915663,7.064639996277258e-5,5.77699373933603
92,12,0.0,0.0,NaN,1.4715189873417727e-6,1.8682608966539725e-7,7.876410569729535,0.00036323665255282023,7.135827216780306e-5,5.0903229789343625
92,13,-0.0016959615384618226,1.2459689986276853e-5,136.11586968293437,0.0,0.0,NaN,-0.00031514364202107903,7.157550245062961e-5,4.402953960937327
92,14,0.0,0.0,NaN,4.626623376623377e-7,1.0613246642184797e-7,4.359291301338268,0.0002647811207125844,7.244782106593432e-5,3.654783771503752
92,15,-0.001290888157894571,1.1030581563303428e-5,117.02811411042022,0.0,0.0,NaN,-0.00017782076750909315,7.269781721492178e-5,2.4460262263912114
92,16,0.0,0.0,NaN,2.7499999999999996e-7,8.291147383278706e-8,3.316790635691874,0.00013802462721430875,7.33516196744093e-5,1.8816847920600501
92,17,-0.0010288175675674557,9.99977309995621e-6,102.88409119722537,0.0,0.0,NaN,-9.639429172268732e-5,7.361515153156836e-5,1.309435485999789
92,18,0.0,0.0,NaN,7.705479452054794e-8,4.4487161476052814e-8,1.732068128509977,7.73705175823175e-5,7.430414136352647e-5,1.04126790462175
92,19,-0.0008578125000000392,9.25321749788734e-6,92.70424046510219,0.0,0.0,NaN,-3.8816227908994305e-6,7.4881739586112e-5,0.05183670695090714
92,20,0.0,0.0,NaN,5.28169014084507e-8,3.734700240889684e-8,1.4142206335646528,5.9117937120448105e-5,7.554107341663567e-5,0.7825932892744564
92,21,-0.0007247142857143115,8.647794757629117e-6,83.80336328807594,0.0,0.0,NaN,-0.00010054680135145044,7.588140337410598e-5,1.325051947915889
92,22,0.0,0.0,NaN,2.717391304347826e-8,2.717391304347826e-8,1.0,0.00014562245328422763,7.637124324770464e-5,1.9067707567874947
92,23,-0.0006403676470587551,8.295525691263267e-6,77.19434197318941,0.0,0.0,NaN,-0.00010495699040866113,7.707152216195459e-5,1.3618128650438392
92,24,0.0,0.0,NaN,0.0,0.0,NaN,0.00010355074657503183,7.781025177139654e-5,1.3308110977363221
92,25,-0.0005723863636363007,7.936127283649498e-6,72.12414105499121,0.0,0.0,NaN,-2.381060005809954e-5,7.830142382210005e-5,0.30408897943154845
92,26,0.0,0.0,NaN,0.0,0.0,NaN,-7.283065087071439e-6,7.887895350303578e-5,0.09233217181045815
92,27,-0.0005128125,7.629391028561825e-6,67.21539085887795,0.0,0.0,NaN,4.18410334590974e-5,7.957662679106042e-5,0.525795514918682
92,28,0.0,0.0,NaN,2.976190476190476e-8,2.9761904761904758e-8,1.0000000000000002,2.264367482475438e-5,8.033437147962875e-5,0.2818678282744314
92,29,-0.0004807258064516475,7.500108949309413e-6,64.0958431005074,0.0,0.0,NaN,-1.655803410188783e-5,8.0788528989113e-5,0.20495526170700767
92,30,0.0,0.0,NaN,3.073770491803279e-8,3.073770491803278e-8,1.0000000000000002,3.1264381310611156e-5,8.160547502938229e-5,0.3831162222798694
92,31,-0.0004441250000000151,7.330156352744033e-6,60.58874853791592,0.0,0.0,NaN,2.4649627209286096e-5,8.226419159073374e-5,0.299639815728313
92,32,0.0,0.0,NaN,0.0,0.0,NaN,-6.533388970109133e-7,8.289242862075604e-5,0.00788176806834827
92,33,-0.00042116379310346046,7.263226425948147e-6,57.98577221809265,0.0,0.0,NaN,4.668410997867023e-5,8.350489780228035e-5,0.5590583451668554
92,34,0.0,0.0,NaN,0.0,0.0,NaN,-9.81089910839783e-6,8.410318851823255e-5,0.11665311721529971
92,35,-0.0004021874999999894,7.230715457464533e-6,55.622089178574505,0.0,0.0,NaN,-2.1013319218582405e-5,8.45514431050946e-5,0.24852703214614036
92,36,0.0,0.0,NaN,0.0,0.0,NaN,0.00010728599085298163,8.517620590037921e-5,1.2595770111956113
92,37,-0.0004043055555555442,7.391563207670719e-6,54.69824774493835,0.0,0.0,NaN,-0.00014299620612411024,8.584183847851154e-5,1.665810153400966
92,38,0.0,0.0,NaN,0.0,0.0,NaN,0.00015691141966663047,8.679602479359974e-5,1.807818042816645
92,39,-0.0003750000000000074,7.258155087189282e-6,51.66602194294335,0.0,0.0,NaN,-7.554027667194818e-5,8.737601215379904e-5,0.8645425078336417
92,40,0.0,0.0,NaN,0.0,0.0,NaN,3.96937448582102e-5,8.812922121487087e-5,0.4504038990816851
92,41,-0.00035835000000000977,7.2435403956747976e-6,49.471664465899124,0.0,0.0,NaN,3.004962719040105e-5,8.902021133547223e-5,0.3375596029216239
92,42,0.0,0.0,NaN,0.0,0.0,NaN,-7.216925032661747e-5,9.013203738609683e-5,0.8007058579788614
92,43,-0.00036796875,7.492774425699756e-6,49.109812880244974,0.0,0.0,NaN,2.7134002209092123e-5,9.14758423234911e-5,0.296624786609088
92,44,0.0,0.0,NaN,0.0,0.0,NaN,0.00012336239312178698,9.237810831376047e-5,1.3354072233519763
92,45,-0.0003709239130434703,7.687748075657258e-6,48.248708125332065,0.0,0.0,NaN,-0.00016838569886536148,9.326502502901754e-5,1.8054538538211045
92,46,0.0,0.0,NaN,0.0,0.0,NaN,0.00015814962720765713,9.400546502244983e-5,1.6823450335561743
96,2,0.0,0.0,NaN,0.009164838709683204,1.1507591558433127e-5,796.416753509723,0.053382206701613366,5.0746537357979184e-5,1051.937914995884
96,3,-0.03665983695650512,4.6251808443538474e-5,792.6141309967874,0.0,0.0,NaN,-0.016040214406364897,6.808102304173223e-5,235.60477927208268
96,4,0.0,0.0,NaN,0.0004184752747251167,2.9068441531182947e-6,143.96206080611532,0.009631624461278354,6.997641518230411e-5,137.64100999152117
96,5,-0.012525166666668686,2.9592175786885367e-5,423.2594033257797,0.0,0.0,NaN,-0.004599676362890867,6.702370420276645e-5,68.6276059731866
96,6,0.0,0.0,NaN,5.8862359550560074e-5,1.111585907796475e-6,52.95349566570561,0.003003649479811632,6.849411705393433e-5,43.852663688568576
96,7,-0.006107812500004378,2.151999864715937e-5,283.82030129962885,0.0,0.0,NaN,-0.0018192417037913439,6.723787019714247e-5,27.056801449202645
96,8,0.0,0.0,NaN,1.3254310344827747e-5,5.328220263429427e-7,24.87568022628406,0.001359496050903894,6.838411872904487e-5,19.88028911055446
96,9,-0.003600000000001754,1.6933880295190764e-5,212.59155829890665,0.0,0.0,NaN,-0.0009554147349953301,6.790761797070611e-5,14.069330710546724
96,10,0.0,0.0,NaN,4.477941176470579e-6,3.1397226055952094e-7,14.262219116079136,0.0006927574606225839,6.882576389027026e-5,10.065379902314712
96,11,-0.0023845535714295727,1.4123693878146725e-5,168.83356379729662,0.0,0.0,NaN,-0.0004894040414628875,6.88525291171216e-5,7.108003841520284
96,12,0.0,0.0,NaN,1.6265060240963858e-6,1.9161751207112064e-7,8.488295284267613,0.00036308116721912864,6.96494479952405e-5,5.2129798249648704
96,13,-0.0016988414634146309,1.2120279779899768e-5,140.16520198089685,0.0,0.0,NaN,-0.0002878791066995706,6.984756416180757e-5,4.121533945445473
96,14,0.0,0.0,NaN,4.1666666666666656e-7,9.820092693811226e-8,4.243001361171023,0.00020050419266064157,7.058049782231614e-5,2.840787453290619
96,15,-0.0013011562500002884,1.0800743105400244e-5,120.46914154913338,0.0,0.0,NaN,-0.0001342154253893696,7.081895682327015e-5,1.8951906581214737
96,16,0.0,0.0,NaN,2.610759493670886e-7,7.871342452479783e-8,3.316790635691875,8.55657257426562e-5,7.138297456120814e-5,1.1986853485530629
96,17,-0.0010268269230770605,9.691378149542254e-6,105.95262172548287,0.0,0.0,NaN,-9.144559365804883e-5,7.162174509751195e-5,1.2767853329117713
96,18,0.0,0.0,NaN,1.2175324675324677e-7,5.444861822838775e-8,2.2361127006482704,6.001357217251535e-5,7.218844185813424e-5,0.8313459970566325
96,19,-0.0008408881578946384,8.949851542088553e-6,93.95554260762712,0.0,0.0,NaN,-6.026517866049297e-5,7.262533612759482e-5,0.8298092907220918
96,20,0.0,0.0,NaN,5.0e-8,3.535516228042235e-8,1.4142206335646526,5.072363711425276e-5,7.330625266811535e-5,0.6919414820437968
96,21,-0.0007116891891892326,8.369304299698524e-6,85.03564498364204,0.0,0.0,NaN,-9.764200742362616e-6,7.382822472091246e-5,0.1322556621031255
96,22,0.0,0.0,NaN,2.5684931506849315e-8,2.5684931506849315e-8,1.0,8.073637072406048e-6,7.452371859744139e-5,0.10833647628371619
96,23,-0.0006128124999999506,7.862313469071225e-6,77.94302560062415,0.0,0.0,NaN,-6.325448789064325e-5,7.502184346735762e-5,0.8431476083117793
96,24,0.0,0.0,NaN,0.0,0.0,NaN,0.00011457891885120752,7.539943764169289e-5,1.5196256422455057
96,25,-0.0005517857142857335,7.573738252350066e-6,72.85513387190521,0.0,0.0,NaN,-7.078350573530567e-5,7.593343974456931e-5,0.9321783126566191
96,26,0.0,0.0,NaN,0.0,0.0,NaN,4.9894289272781056e-5,7.648551933061235e-5,0.6523364122966935
96,27,-0.0004854044117646755,7.216771599723256e-6,67.26060331233006,0.0,0.0,NaN,-2.4159818743055284e-5,7.696978912171281e-5,0.31388703306502774
96,28,0.0,0.0,NaN,0.0,0.0,NaN,5.11986370744788e-5,7.753644620337262e-5,0.6603170454857887
96,29,-0.00046397727272724017,7.156683192984246e-6,64.83132761585433,0.0,0.0,NaN,-7.664227197556883e-5,7.8135197705134e-5,0.9808930447043961
96,30,0.0,0.0,NaN,0.0,0.0,NaN,0.0001364390217394873,7.88971110099492e-5,1.729328488622123
96,31,-0.0004123828125,6.840378485803467e-6,60.28654896156112,0.0,0.0,NaN,-9.056894101563961e-5,7.943457705786551e-5,1.1401702428611546
96,32,0.0,0.0,NaN,0.0,0.0,NaN,9.753792282055085e-5,8.006826700215642e-5,1.218184512697445
96,33,-0.00039024193548388176,6.780628416519489e-6,57.55247323878481,0.0,0.0,NaN,-5.476910484532305e-5,8.078563556076094e-5,0.6779559814706143
96,34,0.0,0.0,NaN,0.0,0.0,NaN,6.973347317783263e-5,8.125597808633479e-5,0.8581949884812234
96,35,-0.00038112500000000104,6.803107757966556e-6,56.02219067509215,0.0,0.0,NaN,-3.9457612890758664e-5,8.203952724229831e-5,0.4809585600636534
96,36,0.0,0.0,NaN,0.0,0.0,NaN,2.7173213376197047e-5,8.260482866575813e-5,0.32895429740732646
96,37,-0.00037073275862069044,6.833695148974045e-6,54.25070193193345,0.0,0.0,NaN,5.827837849931017e-5,8.33478741019236e-5,0.6992185358926287
96,38,0.0,0.0,NaN,0.0,0.0,NaN,-3.643294184145496e-5,8.374904593836118e-5,0.4350251568032118
96,39,-0.00035598214285714275,6.812445308457087e-6,52.254679008610964,0.0,0.0,NaN,-1.0073684320571763e-5,8.463143302417294e-5,0.11903005728018876
96,40,0.0,0.0,NaN,0.0,0.0,NaN,2.235772802545999e-5,8.534164989917439e-5,0.2619790928799032
96,41,-0.00034847222222222354,6.869138425385397e-6,50.73012081608652,0.0,0.0,NaN,5.7240303775463186e-5,8.597241961829136e-5,0.6657984505915293
96,42,0.0,0.0,NaN,0.0,0.0,NaN,-5.970938175428597e-5,8.653222322677202e-5,0.6900248199772662
96,43,-0.00032783653846153515,6.7977798039403955e-6,48.22700174423151,0.0,0.0,NaN,-2.4552090800572524e-6,8.728592099442546e-5,0.02812835165265719
96,44,0.0,0.0,NaN,0.0,0.0,NaN,3.917657828572674e-5,8.830003580689757e-5,0.44367567835874483
96,45,-0.0003321000000000087,6.9794400223676785e-6,47.58261392542899,0.0,0.0,NaN,-6.63638629082447e-5,8.933413937054526e-5,0.7428723596135723
96,46,0.0,0.0,NaN,0.0,0.0,NaN,9.25251677383887e-5,9.044053950749075e-5,1.0230497102543854
96,47,-0.00033890625,7.197641638763421e-6,47.08573544073045,0.0,0.0,NaN,-0.00010747323789063457,9.142080771060027e-5,1.175588365296985
96,48,0.0,0.0,NaN,0.0,0.0,NaN,0.00012348587110788678,9.217010092766356e-5,1.3397606150480437
100,2,0.0,0.0,NaN,0.009155740979380657,1.1309276402804439e-5,809.5779653161758,0.053376660726290326,4.965440913966485e-5,1074.963163415272
100,3,-0.036627109375,4.546746318506874e-5,805.5674719725322,0.0,0.0,NaN,-0.016025405357791067,6.665915999670757e-5,240.40815033646678
100,4,0.0,0.0,NaN,0.00041492763157889313,2.8337006243104852e-6,146.42606491991583,0.009638287693193304,6.818168437922707e-5,141.36183024732964
100,5,-0.012492047872334742,2.8833570986554994e-5,433.2466442730852,0.0,0.0,NaN,-0.004620168073917907,6.546457156988876e-5,70.57509066542201
100,6,0.0,0.0,NaN,5.784274193548264e-5,1.0779631229741495e-6,53.65929566856784,0.0030110531855549044,6.717585230762943e-5,44.82344595742371
100,7,-0.006131086956521038,2.1042754384743234e-5,291.3633284132376,0.0,0.0,NaN,-0.0017221079732784306,6.617476831013115e-5,26.023634343647277
100,8,0.0,0.0,NaN,1.3104395604395564e-5,5.187896230757515e-7,25.259556131256918,0.0012015569962415817,6.716673009051197e-5,17.8891691559556
100,9,-0.003613333333332171,1.664863673410534e-5,217.0347873546983,0.0,0.0,NaN,-0.0008239952015403618,6.668176931385243e-5,12.357128642793608
100,10,0.0,0.0,NaN,3.834269662921339e-6,2.839576431299826e-7,13.502963402066937,0.0006290076074568773,6.749387669776618e-5,9.319476643392976
100,11,-0.002353806818181531,1.365731280037804e-5,172.34772700793502,0.0,0.0,NaN,-0.000458361678807348,6.754653915173646e-5,6.7858647469367
100,12,0.0,0.0,NaN,1.1853448275862078e-6,1.5978870308364986e-7,7.4182016920537635,0.00033776341914971975,6.835342407733063e-5,4.9414264714463485
100,13,-0.0017004069767439125,1.1833651317754906e-5,143.69250293801252,0.0,0.0,NaN,-0.00030373066666887494,6.835426181560249e-5,4.4434781182809235
100,14,0.0,0.0,NaN,3.5294117647058817e-7,8.822867615622576e-8,4.000300036754924,0.00026207097491251496,6.892576188920408e-5,3.8022209364008996
100,15,-0.0012892857142855411,1.0455582501082324e-5,123.31074946346403,0.0,0.0,NaN,-0.0001649059158277677,6.914063689908677e-5,2.3850795020655333
100,16,0.0,0.0,NaN,2.0331325301204823e-7,6.77683734126471e-8,3.0001200084006356,8.803190688258522e-5,6.974657598722762e-5,1.2621681514330698
100,17,-0.0010121341463416268,9.401416720763106e-6,107.65761974004621,0.0,0.0,NaN,-4.805160388736407e-5,6.986321677222026e-5,0.687795468165028
100,18,0.0,0.0,NaN,9.259259259259259e-8,4.629560183969882e-8,2.0000300009750336,2.2250168824677896e-5,7.058685433654674e-5,0.315216891782607
100,19,-0.0008347500000000449,8.65514758630965e-6,96.4454957787684,0.0,0.0,NaN,-1.4862389040734558e-5,7.07991280635361e-5,0.2099233344709676
100,20,0.0,0.0,NaN,1.1867088607594937e-7,5.307017219728932e-8,2.2361127006482704,1.1238975700864073e-5,7.138899983749867e-5,0.15743287798466327
100,21,-0.0006993269230769875,8.07469362033295e-6,86.60723935283524,0.0,0.0,NaN,-4.3937509230929095e-5,7.171623200654274e-5,0.6126578042599984
100,22,0.0,0.0,NaN,4.87012987012987e-8,3.443684637703475e-8,1.4142206335646528,3.7034019235229754e-5,7.218349114771092e-5,0.5130538665613457
100,23,-0.0006042434210525685,7.627560766084395e-6,79.21843425218054,0.0,0.0,NaN,-2.2585662048130173e-5,7.269580049008293e-5,0.31068730099768666
100,24,0.0,0.0,NaN,2.5e-8,2.5e-8,1.0,3.9804798464604385e-5,7.321242124142888e-5,0.5436891416736802
100,25,-0.0005388851351351981,7.297541489065694e-6,73.8447511319585,0.0,0.0,NaN,-0.00010786682317724672,7.377232301952475e-5,1.4621584187974999
100,26,0.0,0.0,NaN,0.0,0.0,NaN,0.00017564692170703167,7.426932048164508e-5,2.3649997141207324
100,27,-0.00047447916666664623,6.9328093859082145e-6,68.43966713279083,0.0,0.0,NaN,-0.00017913582654106863,7.494291858929552e-5,2.3902969074739975
100,28,0.0,0.0,NaN,0.0,0.0,NaN,9.48023337220133e-5,7.550666917471258e-5,1.2555491423234824
100,29,-0.0004321071428571575,6.717086775620652e-6,64.3295460206752,0.0,0.0,NaN,8.172984699156283e-7,7.590667561919964e-5,0.010767148781692963
100,30,0.0,0.0,NaN,0.0,0.0,NaN,6.4178419255239705e-6,7.629318922568128e-5,0.08412077133831025
100,31,-0.0004032352941176383,6.5755759962936095e-6,61.32318968633713,0.0,0.0,NaN,-5.597865739269403e-5,7.684686253609076e-5,0.728444279249578
100,32,0.0,0.0,NaN,0.0,0.0,NaN,8.201039543934141e-5,7.743728171744116e-5,1.059055710898879
100,33,-0.00038352272727271706,6.519129770189728e-6,58.83035631940723,0.0,0.0,NaN,-2.451224698866994e-5,7.799949944215026e-5,0.3142615935227878
100,34,0.0,0.0,NaN,0.0,0.0,NaN,-3.237020152822845e-5,7.859991169474411e-5,0.411835087728133
100,35,-0.0003561328125,6.3677948390711184e-6,55.92718068032948,0.0,0.0,NaN,6.191886095893717e-5,7.93142359558132e-5,0.7806777713074463
100,36,0.0,0.0,NaN,0.0,0.0,NaN,-7.356663011449938e-5,7.989886276331209e-5,0.9207468988942814
100,37,-0.00035153225806451675,6.434733390405315e-6,54.63043093419822,0.0,0.0,NaN,8.016608876026954e-5,8.0515873365252e-5,0.9956557062556386
100,38,0.0,0.0,NaN,0.0,0.0,NaN,-0.00013701364416078554,8.119366513716675e-5,1.6874918003678956
100,39,-0.0003382499999999913,6.423591830146299e-6,52.65745535271464,0.0,0.0,NaN,0.0001126610484594448,8.215085200569034e-5,1.3713923314105265
100,40,0.0,0.0,NaN,0.0,0.0,NaN,-0.0001330672354447615,8.27129642976954e-5,1.6087832974506164
100,41,-0.000330517241379302,6.45347181435842e-6,51.21541565331231,0.0,0.0,NaN,8.028497088458098e-5,8.320891630826832e-5,0.9648601910298308
100,42,0.0,0.0,NaN,0.0,0.0,NaN,-0.0001372320436494462,8.374302724863321e-5,1.6387280011027543
100,43,-0.0003234375000000073,6.501678773642653e-6,49.746767144387405,0.0,0.0,NaN,0.00012304051274568406,8.463735615095e-5,1.453737667871411
100,44,0.0,0.0,NaN,0.0,0.0,NaN,-0.00010181338335150947,8.553980660573886e-5,1.1902456574490177
100,45,-0.00031333333333334097,6.522052292982614e-6,48.04213754472211,0.0,0.0,NaN,3.229646512616091e-5,8.619180890395184e-5,0.374704575026968
100,46,0.0,0.0,NaN,0.0,0.0,NaN,-6.711784304591628e-5,8.680791571423836e-5,0.7731765299706133
100,47,-0.00030259615384614906,6.536700926068845e-6,46.2918767844148,0.0,0.0,NaN,8.785335611555256e-5,8.775232312030843e-5,1.0011513426841774
100,48,0.0,0.0,NaN,0.0,0.0,NaN,-0.00015455402506898974,8.867828471352037e-5,1.7428621400186555
100,49,-0.00031215000000000805,6.771158118137579e-6,46.099942514097656,0.0,0.0,NaN,0.00015235479843864197,8.958681552508693e-5,1.7006386212709856
100,50,0.0,0.0,NaN,0.0,0.0,NaN,-0.00011906407907597005,9.008210692313248e-5,1.321728400264528
